id,korean_name,english_name,kcd,vcode,support,primary_specialty,all_specialties,classification_source,status,orpha_code,orpha_name
1413,(무한성) 외배엽형성이상,Ectodermal dysplasia (anhidrotic),Q82.4,V900,의료비(급여부분),미분류,[],,미분류,,
1412,(승모판 협착 또는 폐쇄와 함께) 상행대동맥의 형성저하와 좌심실의 결손발육을 동반하는 대동맥구멍 및 판막의 폐쇄 또는 현저한 발육부전,"Atresia, or marked hypoplasia of aortic orifice or valve, with hypoplasia of ascending aorta and defective development of left ventricle (with mitral valve stenosis or atresia)",Q23.4,V147,의료비(급여부분),심장내과/소아심장과,"[""심장내과/소아심장과""]",manual_primary_whitelist:승모판,분류완료,,
1411,"(외)이도의 선천성 결여, 폐쇄, 협착","Congenital absence, atresia and stricture of auditory canal(external)",Q16.1,V291,의료비(급여부분),미분류,[],,미분류,,
1410,(이상형태성) 태아알코올증후군,Fetal alcohol syndrome (dysmorphic),Q86.0,V157,의료비(급여부분),미분류,[],,미분류,,
1409,(하)(상)대정맥의 선천성 협착,Congenital stenosis of vena cava (inferior)(superior),Q26.0,V150,의료비(급여부분),미분류,[],,미분류,,
1408,(혈청검사음성인) 연소성 다발관절염,Juvenile polyarthritis (seronegative),M08.3,V133,의료비(급여부분),미분류,[],,미분류,,
1407,10단완 11-12 결손 증후군,10p11-12 deletion syndrome,없음,V901,의료비(급여부분),미분류,[],,미분류,,
1406,10번 염색체 단완의 결손 증후군,10p deletion syndrome,없음,V901,의료비(급여부분),소아청소년과/의학유전학,"[""소아청소년과/의학유전학""]",,미분류,,
1405,10번 염색체 단완의 삼염색체증,Trisomy 10p,Q92.2,V900,의료비(급여부분),미분류,[],,미분류,,
1404,10번 염색체 장완 말단부의 단일염색체증,Distal monosomy 10q,없음,V901,의료비(급여부분),미분류,[],,미분류,96148,Distal deletion 10q syndrome
1403,10번 염색체 장완의 22-23 부분의 미세결손 증후군,10q22q23 microdeletion syndrome,없음,V901,의료비(급여부분),미분류,[],,미분류,,
1402,10번 염색체 장완의 결손 증후군,10q deletion syndrome,없음,V901,의료비(급여부분),미분류,[],,미분류,,
1401,10번 염색체 장완의 중복 증후군,10q duplication syndrome,없음,V901,의료비(급여부분),미분류,[],,미분류,,
1400,10장완 말단 삼염색체 증후군,Distal 10q trisomy syndrome,없음,V900,의료비(급여부분),미분류,[],,미분류,,
1399,11번 염색체 장완의 중복 증후군,11q duplication syndrome,없음,V901,의료비(급여부분),미분류,[],,미분류,,
1398,11장완 말단부 삼염색체 증후군,11q distal trisomy syndrome,Q92.3,V900,의료비(급여부분),미분류,[],,미분류,,
1397,12번 염색체 단완 13 부분의 미세중복,12p13 microduplication,없음,V901,의료비(급여부분),미분류,[],,미분류,,
1396,12번 염색체 단완의 중복 증후군,12p duplication syndrome,없음,V901,의료비(급여부분),미분류,[],,미분류,,
1395,12번 염색체 장완 13 부분의 미세중복,12q13 microduplication,없음,V901,의료비(급여부분),미분류,[],,미분류,,
1394,12번 염색체 장완의 결손 증후군,12q deletion syndrome,없음,V901,의료비(급여부분),미분류,[],,미분류,,
1393,12번 염색체 장완의 중복 증후군,12q duplication syndrome,없음,V901,의료비(급여부분),미분류,[],,미분류,,
1392,13번 염색체 장완 12.3 부분의 미세결손 증후군,13q12.3 microdeletion syndrome,없음,V901,의료비(급여부분),신경과,"[""신경과"", ""피부과""]",en_product3_181.xml; en_product3_187.xml,리뷰필요,412035,13q12.3 microdeletion syndrome
1391,13번 염색체 장완 21-22 부분의 결손,13q21-22 deletion,없음,V901,의료비(급여부분),미분류,[],,미분류,,
1390,13번 염색체 장완의 말단부 단일염색체증,Distal monosomy 13q,없음,V901,의료비(급여부분),소아청소년과/의학유전학,"[""소아청소년과/의학유전학""]",en_product3_189.xml,분류완료,1590,Distal deletion 13q syndrome
1389,13번 염색체 장완의 부분 결손,Partial deletion of the long arm of chromosome 13,없음,V901,의료비(급여부분),미분류,[],,미분류,,
1388,"13삼염색체증, 감수분열비분리","Trisomy 13, meiotic nondisjunction",Q91.4,V160,의료비(급여부분),미분류,[],,미분류,,
1387,"13삼염색체증, 섞임증형(유사분열비분리)","Trisomy 13, mosaicism (mitotic nondisjunction)",Q91.5,V160,의료비(급여부분),미분류,[],,미분류,,
1386,"13삼염색체증, 전위","Trisomy 13, translocation",Q91.6,V160,의료비(급여부분),미분류,[],,미분류,,
1385,13삼염색체증후군,Trisomy 13 Syndrome,Q91.7,V160,의료비(급여부분),소아청소년과/의학유전학,"[""소아청소년과/의학유전학"", ""신장내과""]",en_product3_188.xml; en_product3_189.xml,리뷰필요,3378,Trisomy 13 syndrome
1384,14번 염색체 장완 24.2-31.1 부분의 미세결손,14q24.2q31.1 microdeletion,없음,V901,의료비(급여부분),미분류,[],,미분류,,
1383,14번 염색체 장완 말단부의 단일염색체증,Distal monosomy 14q,없음,V901,의료비(급여부분),미분류,[],,미분류,96150,Distal deletion 14q syndrome
1382,14번 염색체 장완의 결손 증후군,14q deletion syndrome,없음,V901,의료비(급여부분),미분류,[],,미분류,,
1381,14번 염색체 장완의 중복 증후군,14q duplication syndrome,없음,V901,의료비(급여부분),미분류,[],,미분류,,
1380,15 장완13.3 미세결손 증후군,15q13.3 microdeletion syndrome,Q93.5,V900,의료비(급여부분),신경과,"[""신경과""]",en_product3_181.xml,분류완료,199318,15q13.3 microdeletion syndrome
1379,15번 고리모양 염색체,Ring chromosome 15,없음,V901,의료비(급여부분),미분류,[],,미분류,96177,Ring chromosome 15 syndrome
1378,15번 염색체 장완 11-13 부분의 미세중복 증후군,15q11q13 microduplication syndrome,Q92.3,V900,의료비(급여부분),미분류,[],,미분류,238446,15q11q13 microduplication syndrome
1377,15번 염색체 장완의 결손 증후군,15q deletion syndrome,없음,V901,의료비(급여부분),미분류,[],,미분류,,
1376,15번 염색체 장완의 중복 증후군,15q duplication syndrome,없음,V901,의료비(급여부분),미분류,[],,미분류,,
1375,15장완 사염색체(증)(쌍중심절 15번 염색체 증후군),Tetrasomy 15q (isodicentric 15 chromosome syndrome),Q93.2,V900,의료비(급여부분),미분류,[],,미분류,,
1374,15장완11.2 미세결손 증후군,15q11.2 microdeletion syndrome,없음,V900,의료비(급여부분),미분류,[],,미분류,261183,15q11.2 microdeletion syndrome
1373,16단완11.2 미세중복,16p 11.2 microduplication,없음,V901,의료비(급여부분),미분류,[],,미분류,,
1372,16번 염색체 단완의 11-12 부분의 미세결손 증후군,16p11p12 microdeletion syndrome,없음,V901,의료비(급여부분),미분류,[],,미분류,,
1371,16번 염색체 단완의 결손,Deletion of short arm of chromosome 16,없음,V901,의료비(급여부분),미분류,[],,미분류,,
1370,16번 염색체 단완의 결손 증후군,16p deletion syndrome,없음,V901,의료비(급여부분),미분류,[],,미분류,,
1369,16번 염색체 단완의 중복 증후군,16p duplication syndrome,없음,V901,의료비(급여부분),미분류,[],,미분류,,
1368,16번 염색체 장완의 결손 증후군,16q deletion syndrome,없음,V901,의료비(급여부분),미분류,[],,미분류,,
1367,16번 염색체 장완의 중복,16q duplication,없음,V901,의료비(급여부분),미분류,[],,미분류,,
1366,17단완13.3 미세중복,17p 13.3 microduplication,없음,V901,의료비(급여부분),미분류,[],,미분류,,
1365,17번 염색체 단완 13.1 부분의 미세결손 증후군,Distal 17p13.1 microdeletion syndrome,없음,V901,의료비(급여부분),신경과,"[""신경과""]",en_product3_181.xml,분류완료,319171,Distal 17p13.1 microdeletion syndrome
1364,17번 염색체 단완 13.3 부분의 미세결손 증후군,Distal 17p13.3 microdeletion syndrome,없음,V901,의료비(급여부분),미분류,[],,미분류,261257,Distal 17p13.3 microdeletion syndrome
1363,17번 염색체 단완의 결손 증후군,17p deletion syndrome,없음,V901,의료비(급여부분),미분류,[],,미분류,,
1362,17번 염색체 장완 21.31 부분의 미세중복 증후군,17q21.31 microduplication syndrome,없음,V901,의료비(급여부분),신경과,"[""신경과""]",en_product3_181.xml,분류완료,217340,17q21.31 microduplication syndrome
1361,17번 염색체 장완 25.1 부분의 중복 증후군,17q25.1 duplication syndrome,없음,V901,의료비(급여부분),미분류,[],,미분류,,
1360,17번 염색체 장완의 결손 증후군,17q deletion syndrome,없음,V901,의료비(급여부분),미분류,[],,미분류,,
1359,17번 염색체 장완의 중복 증후군,17q duplication syndrome,없음,V901,의료비(급여부분),미분류,[],,미분류,,
1358,18 단완 염색체 결손,18 short arm chromosome deletion,Q93.5,V900,의료비(급여부분),미분류,[],,미분류,,
1357,18번 고리모양 염색체,Ring chromosome 18,없음,V901,의료비(급여부분),미분류,[],,미분류,1442,Ring chromosome 18 syndrome
1356,18번 염색체 단완의 사염색체증,Tetrasomy 18p,없음,V901,의료비(급여부분),미분류,[],,미분류,,
1355,18번 염색체 장완의 결손 증후군,18 long arm deletion syndrome,Q93.5,V900,의료비(급여부분),미분류,[],,미분류,,
1354,18번 염색체 장완의 중복 증후군,18q duplication syndrome,없음,V901,의료비(급여부분),미분류,[],,미분류,,
1353,"18삼염색체증, 감수분열비분리","Trisomy 18, meiotic nondisjunction",Q91.0,V160,의료비(급여부분),미분류,[],,미분류,,
1352,"18삼염색체증, 섞임증형(유사분열비분리)","Trisomy 18, mosaicism (mitotic nondisjunction)",Q91.1,V160,의료비(급여부분),미분류,[],,미분류,,
1351,"18삼염색체증, 전위","Trisomy 18, translocation",Q91.2,V160,의료비(급여부분),미분류,[],,미분류,,
1350,18장완 말단부 결손 증후군,18q distal deletion syndrome,Q93.5,V900,의료비(급여부분),미분류,[],,미분류,,
1349,18장완단일염색체증,18q monosomy,Q93.5,V900,의료비(급여부분),미분류,[],,미분류,,
1348,19번 염색체 단완 13.3 부분의 중복,19p13.3 duplication,없음,V901,의료비(급여부분),미분류,[],,미분류,,
1347,19번 염색체 단완의 결손 증후군,19p deletion syndrome,없음,V901,의료비(급여부분),미분류,[],,미분류,,
1346,19번 염색체 장완의 중복 증후군,19q duplication syndrome,없음,V901,의료비(급여부분),미분류,[],,미분류,,
1345,1번 염색체 단완 31-32 부분의 미세결손,1p31-1p32 microdeletion,없음,V901,의료비(급여부분),미분류,[],,미분류,,
1344,1번 염색체 단완 36부분의 미세결손증후군,1p36 Microdeletion Syndrome,Q93.5,V900,의료비(급여부분),미분류,[],,미분류,,
1343,1번 염색체 단완의 결손 증후군,1p deletion syndrome,없음,V901,의료비(급여부분),미분류,[],,미분류,,
1342,1번 염색체 단완의 중복 증후군,1p duplication syndrome,없음,V901,의료비(급여부분),미분류,[],,미분류,,
1341,1번 염색체 장완 21.1 부분의 중복 증후군,1q21.1 duplication syndrome,없음,V901,의료비(급여부분),미분류,[],,미분류,,
1340,1번 염색체 장완 21.3 부분의 미세결손 증후군,1q21.3 microdeletion syndrome,없음,V901,의료비(급여부분),미분류,[],,미분류,,
1339,1번 염색체 장완 44부분의 미세결손 증후군,1q44 microdeletion syndrome,없음,V901,의료비(급여부분),미분류,[],,미분류,238769,1q44 microdeletion syndrome
1338,1번 염색체 장완의 21.1 부분의 미세결손 증후군,1q21.1 microdeletion syndrome,없음,V901,의료비(급여부분),미분류,[],,미분류,250989,1q21.1 microdeletion syndrome
1337,1번 염색체 장완의 결손 증후군,1q deletion syndrome,없음,V901,의료비(급여부분),미분류,[],,미분류,,
1336,1번 염색체 장완의 중복 증후군,1q duplication syndrome,없음,V901,의료비(급여부분),미분류,[],,미분류,,
1335,20번 염색체 단완의 결손 증후군,20p deletion syndrome,없음,V901,의료비(급여부분),미분류,[],,미분류,,
1334,20번 염색체 단완의 삼염색체증,Trisomy 20p,Q92.8,V900,의료비(급여부분),미분류,[],,미분류,,
1333,20번 염색체 장완의 결손 증후군,20q deletion syndrome,없음,V901,의료비(급여부분),미분류,[],,미분류,,
1332,20번 염색체 장완의 말단부 삼염색체증,Distal trisomy 20q,없음,V901,의료비(급여부분),미분류,[],,미분류,96107,Distal duplication 20q syndrome
1331,21-수산화효소결핍,21-Hydroxylase deficiency,E25.0,V115,의료비(급여부분),미분류,[],,미분류,,
1330,21번 염색체 장완의 결손 증후군,21 long arm deletion syndrome,Q93.5,V900,의료비(급여부분),미분류,[],,미분류,,
1329,21삼염색체증 NOS,Trisomy 21 NOS,Q90.9,V159,의료비(급여부분),미분류,[],,미분류,,
1328,"21삼염색체증, 감수분열비분리","Trisomy 21, meiotic nondisjunction",Q90.0,V159,의료비(급여부분),미분류,[],,미분류,,
1327,"21삼염색체증, 섞임증형(유사분열비분리)","Trisomy 21, mosaicism (mitotic nondisjunction)",Q90.1,V159,의료비(급여부분),미분류,[],,미분류,,
1326,"21삼염색체증, 전위","Trisomy 21, translocation",Q90.2,V159,의료비(급여부분),미분류,[],,미분류,,
1325,22번 염색체 장완의 결손 증후군,22q deletion syndrome,없음,V901,의료비(급여부분),미분류,[],,미분류,,
1324,22번 염색체 장완의 중복 증후군,22q duplication syndrome,없음,V901,의료비(급여부분),미분류,[],,미분류,,
1323,2번 염색체 단완 결손,2p deletion,없음,V901,의료비(급여부분),미분류,[],,미분류,,
1322,2번 염색체 단완의 결손 증후군,2p deletion syndrome,없음,V901,의료비(급여부분),미분류,[],,미분류,,
1321,2번 염색체 단완의 중복 증후군,2p duplication syndrome,없음,V901,의료비(급여부분),미분류,[],,미분류,,
1320,2번 염색체 장완 33-37 부분의 중복 증후군,2q33-37 duplication syndrome,없음,V901,의료비(급여부분),미분류,[],,미분류,,
1319,2번 염색체 장완의 24 부분의 미세결손 증후군,2q24 microdeletion syndrome,없음,V901,의료비(급여부분),미분류,[],,미분류,,
1318,2번 염색체 장완의 31-33 부분의 미세결손,2q31-q33 microdeletion,없음,V901,의료비(급여부분),미분류,[],,미분류,,
1317,2번 염색체 장완의 37부분의 미세결손증후군,2q37 microdeletion syndrome,Q93.5,V900,의료비(급여부분),신경과,"[""신경과"", ""정형외과""]",en_product3_181.xml; en_product3_199.xml,리뷰필요,1001,2q37 microdeletion syndrome
1316,2번 염색체 장완의 결손 증후군,2q deletion syndrome,없음,V901,의료비(급여부분),미분류,[],,미분류,,
1315,2번 염색체 장완의 중복 증후군,2q duplication syndrome,없음,V901,의료비(급여부분),미분류,[],,미분류,,
1314,2장완11 미세중복 증후군,2q11 microduplication syndrome,없음,V900,의료비(급여부분),미분류,[],,미분류,,
1313,3 장완29 미세결손 증후군,3q29 microdeletion syndrome,Q93.5,V900,의료비(급여부분),미분류,[],,미분류,65286,3q29 microdeletion syndrome
1312,3M 증후군,3M syndrome,없음,V900,의료비(급여부분),정형외과,"[""정형외과""]",en_product3_199.xml,분류완료,2616,3M syndrome
1311,3MC 증후군,3MC syndrome (Malpuech-Michels-Mingarelli-Carnevale),없음,V900,의료비(급여부분),미분류,[],,미분류,,
1310,3번 염색체 단완의 결손,Deletion of short arm of chromosome 3,없음,V901,의료비(급여부분),미분류,[],,미분류,,
1309,3번 염색체 단완의 결손 증후군,3p deletion syndrome,없음,V901,의료비(급여부분),소아청소년과/의학유전학,"[""소아청소년과/의학유전학"", ""신경과"", ""안과""]",en_product3_181.xml; en_product3_189.xml,리뷰필요,1620,Distal deletion 3p syndrome
1308,3번 염색체 장완 26 부분의 중복,3q26 duplication,없음,V901,의료비(급여부분),미분류,[],,미분류,,
1307,3번 염색체 장완의 13.31 부분의 미세 결손 증후군,3q13.31 microdeletion syndrome,없음,V901,의료비(급여부분),미분류,[],,미분류,,
1306,3번 염색체 장완의 결손,Deletion of long arm of chromosome 3,없음,V901,의료비(급여부분),미분류,[],,미분류,,
1305,3번 염색체 장완의 결손 증후군,3q deletion syndrome,없음,V901,의료비(급여부분),미분류,[],,미분류,,
1304,3번 염색체 장완의 중복 증후군,3q duplication syndrome,없음,V901,의료비(급여부분),미분류,[],,미분류,,
1303,4 단완 염색체 부분 결손,Partial deletion of the short arm of chromosome 4,Q93.3,V900,의료비(급여부분),미분류,[],,미분류,,
1302,4번 염색체 단완의 중복 증후군,4p duplication syndrome,없음,V901,의료비(급여부분),미분류,[],,미분류,,
1301,4번 염색체 장완의 21 부분의 미세결손 증후군,4q21 microdeletion syndrome,없음,V901,의료비(급여부분),미분류,[],,미분류,238750,4q21 microdeletion syndrome
1300,4번 염색체 장완의 34 부분의 미세결손,4q34 microdeletion,없음,V901,의료비(급여부분),미분류,[],,미분류,,
1299,4번 염색체 장완의 결손 증후군,4q deletion syndrome,없음,V901,의료비(급여부분),미분류,[],,미분류,,
1298,4번 염색체 장완의 중복 증후군,4q duplication syndrome,없음,V901,의료비(급여부분),미분류,[],,미분류,,
1297,5번 염색체 단완의 결손,Deletion of short arm of chromosome 5,Q93.4,V205,의료비(급여부분),미분류,[],,미분류,,
1296,5번 염색체 장완 14.3 부분의 미세결손 증후군,5q14.3 microdeletion syndrome,없음,V901,의료비(급여부분),신경과,"[""신경과""]",en_product3_181.xml,분류완료,228384,5q14.3 microdeletion syndrome
1295,5번 염색체 장완 31 부분의 미세결손으로 인한 가족성 만곡족,Familial clubfoot due to 5q31 microdeletion,없음,V901,의료비(급여부분),정형외과,"[""정형외과""]",en_product3_199.xml,분류완료,293144,Familial clubfoot due to 5q31 microdeletion
1294,5번 염색체 장완 31.3 부분의 미세결손으로 인한 PURA 관련 신경발달 장애,PURA-related neurodevelopmental disorders due to 5q31.3 microdeletion,없음,V900,의료비(급여부분),미분류,[],,미분류,,
1293,5번 염색체 장완 35 부분의 결손,5q35 deletion,없음,V901,의료비(급여부분),미분류,[],,미분류,,
1292,5번 염색체 장완의 결손 증후군,5q deletion syndrome,없음,V901,의료비(급여부분),미분류,[],,미분류,,
1291,5번 염색체 장완의 말단부 삼염색체증,Distal 5q trisomy,없음,V901,의료비(급여부분),미분류,[],,미분류,,
1290,5번 염색체 장완의 중복 증후군,5q duplication syndrome,없음,V901,의료비(급여부분),미분류,[],,미분류,,
1289,6번 염색체 단완의 결손 증후군,6p deletion syndrome,없음,V901,의료비(급여부분),미분류,[],,미분류,,
1288,6번 염색체 장완 26 부분의 미세결손 증후군,6q26 microdeletion syndrome,없음,V901,의료비(급여부분),미분류,[],,미분류,,
1287,6번 염색체 장완의 결손 증후군,6q deletion syndrome,없음,V901,의료비(급여부분),미분류,[],,미분류,,
1286,6번 염색체 장완의 중복 증후군,6q duplication syndrome,없음,V901,의료비(급여부분),미분류,[],,미분류,,
1285,7번 염색체 단완의 결손 증후군,7p deletion syndrome,없음,V901,의료비(급여부분),미분류,[],,미분류,,
1284,7번 염색체 단완의 중복 증후군,7p duplication syndrome,없음,V901,의료비(급여부분),미분류,[],,미분류,,
1283,7번 염색체 장완 11.23 부분의 미세중복 증후군,7q11.23 microduplication syndrome,Q92.3,V900,의료비(급여부분),미분류,[],,미분류,96121,7q11.23 microduplication syndrome
1282,7번 염색체 장완 36 부분의 미세결손 증후군,7q36 microdeletion syndrome,없음,V901,의료비(급여부분),미분류,[],,미분류,,
1281,7번 염색체 장완의 결손 증후군,7q deletion syndrome,없음,V901,의료비(급여부분),미분류,[],,미분류,,
1280,7번 염색체 장완의 중복 증후군,7q duplication syndrome,없음,V901,의료비(급여부분),미분류,[],,미분류,,
1279,7장완11.22 미세결손 증후군,7q 11.22 microdeletion syndrome,없음,V901,의료비(급여부분),미분류,[],,미분류,,
1278,7장완36 미세중복,7q 36 microduplication,없음,V901,의료비(급여부분),미분류,[],,미분류,,
1277,8단완단일염색체증,8p monosomy,없음,V901,의료비(급여부분),미분류,[],,미분류,,
1276,8번 삼염색체 섞임증,Mosaic trisomy 8,없음,V901,의료비(급여부분),미분류,[],,미분류,,
1275,8번 염색체 단완의 11.2 부분의 미세결손 증후군,8p11.2 deletion syndrome,없음,V901,의료비(급여부분),미분류,[],,미분류,251066,8p11.2 deletion syndrome
1274,8번 염색체 단완의 결손 증후군,8p deletion syndrome,없음,V901,의료비(급여부분),미분류,[],,미분류,,
1273,8번 염색체 단완의 역중복-결실 증후군,8p inverted duplication-deletion syndrome,없음,V901,의료비(급여부분),미분류,[],,미분류,96092,8p inverted duplication/deletion syndrome
1272,8번 염색체 단완의 중복 증후군,8p duplication syndrome,없음,V901,의료비(급여부분),미분류,[],,미분류,,
1271,8번 염색체 장완의 21.11 부분의 미세결손 증후군,8q21.11 microdeletion syndrome,없음,V901,의료비(급여부분),신경과,"[""신경과""]",en_product3_181.xml,분류완료,284160,8q21.11 microdeletion syndrome
1270,8번 염색체 장완의 22.1 부분의 미세 결손 증후군,8q22.1 microdeletion syndrome,없음,V901,의료비(급여부분),미분류,[],,미분류,178303,8q22.1 microdeletion syndrome
1269,8번 염색체 장완의 중복 증후군,8q duplication syndrome,없음,V901,의료비(급여부분),미분류,[],,미분류,,
1268,9번 염색체 단완의 결손,Deletion of short arm of chromosome 9,없음,V901,의료비(급여부분),미분류,[],,미분류,,
1267,9번 염색체 단완의 결손 증후군,9p deletion syndrome,없음,V901,의료비(급여부분),미분류,[],,미분류,261112,Monosomy 9p syndrome
1266,9번 염색체 단완의 사염색체증,tetrasomy 9p,없음,V901,의료비(급여부분),미분류,[],,미분류,,
1265,9번 염색체 단완의 중복,Duplication of 9p,없음,V901,의료비(급여부분),미분류,[],,미분류,,
1264,9번 염색체 단완의 중복 증후군,9p duplication syndrome,없음,V901,의료비(급여부분),미분류,[],,미분류,,
1263,9번 염색체 장완의 결손 증후군,9q deletion syndrome,없음,V901,의료비(급여부분),미분류,[],,미분류,,
1262,9번 염색체 장완의 중복 증후군,9q duplication syndrome,없음,V901,의료비(급여부분),미분류,[],,미분류,,
1261,ACOX1 관련 장애,Acox1 related disorder,없음,V900,의료비(급여부분),미분류,[],,미분류,,
1260,AC글로불린결핍,AC globulin deficiency,D68.2,V009,의료비(급여부분),미분류,[],,미분류,,
1259,ADCY5 관련 이상운동증,ADCY5-related dyskinesia,없음,V900,의료비(급여부분),미분류,[],,미분류,,
1258,ADNP 증후군(헬스무르텔-반데르아 증후군),ADNP syndrome(Helsmoortel-VanDerAa Syndrome),Q87.8,V900,의료비(급여부분),미분류,[],,미분류,,
1257,AGO1 관련 발달지연,AGO1 related developmental delay,없음,V900,의료비(급여부분),미분류,[],,미분류,,
1256,ALS 결핍증,Acid-Labile subunit deficiency (ALSD),없음,V900,의료비(급여부분),미분류,[],,미분류,,
1255,ARC 증후군,"Arthrogryposis, renal tubular dysfunction, and cholestasis (ARC syndrome)",없음,V900,의료비(급여부분),미분류,[],,미분류,,
1254,ARHGEF9 관련 장애,ARHGEF9 related disorder,없음,V900,의료비(급여부분),미분류,[],,미분류,,
1253,ARX 관련 장애,ARX related disorder,없음,V900,의료비(급여부분),미분류,[],,미분류,,
1252,ASH1L 관련 지적발달장애,ASH1L related intellectual developmental disorder,없음,V900,의료비(급여부분),미분류,[],,미분류,,
1251,ASPM 관련 소두증,ASPM related microcephaly,없음,V900,의료비(급여부분),미분류,[],,미분류,,
1250,ATP1A3 관련 뇌병증,ATP1A3-related encephalopathy,없음,V900,의료비(급여부분),미분류,[],,미분류,,
1249,AUTS2 관련 장애,AUTS2 related disorder,없음,V900,의료비(급여부분),미분류,[],,미분류,,
1248,A형혈우병,Haemophilia A,D66,V009,의료비(급여부분),미분류,[],,미분류,,
1247,B- 또는 T-세포에 대한 자가항체를 동반한 공통 가변성 면역결핍,Common variable immunodeficiency with autoantibodies to B-or T-cells,D83.2,V111,의료비(급여부분),미분류,[],,미분류,,
1246,B-세포 수 및 기능의 현저한 이상에 의한 공통 가변성 면역결핍,Common variable immunodeficiency with predominant abnormalities of B-cell numbers and function,D83.0,V111,의료비(급여부분),미분류,[],,미분류,,
1245,B-세포수가 정상이거나 감소된 중증복합면역결핍,Severe combined immunodeficiency [SCID] with low or normal B-cell numbers,D81.2,V111,의료비(급여부분),미분류,[],,미분류,,
1244,Birk-Barel 증후군,Birk-Barel syndrome,없음,V900,의료비(급여부분),신경과,"[""신경과""]",en_product3_181.xml,분류완료,166108,Birk-Barel syndrome
1243,Bryant-Li-Bhoj 신경발달 증후군 1,Bryant-Li-Bhoj neurodevelopmental syndrome 1,없음,V900,의료비(급여부분),미분류,[],,미분류,,
1242,B형혈우병,Haemophilia B,D67,V009,의료비(급여부분),미분류,[],,미분류,,
1241,C1에스터레이스억제인자결핍,C1 esterase inhibitor[C1-INH] deficiency,D84.1,V111,의료비(급여부분),미분류,[],,미분류,,
1240,CACNA1A 관련 장애,CACNA1A-related disorder,없음,V900,의료비(급여부분),미분류,[],,미분류,,
1239,CACNA1E 관련 장애,CACNA1E related disorder,없음,V900,의료비(급여부분),미분류,[],,미분류,,
1238,CAD 관련 장애,CAD related disorder,없음,V900,의료비(급여부분),미분류,[],,미분류,,
1237,CAMK2A 관련 질환,CAMK2A related disease,없음,V900,의료비(급여부분),미분류,[],,미분류,,
1236,CASK 관련 장애,CASK-related disorder,없음,V900,의료비(급여부분),미분류,[],,미분류,,
1235,CDKL5-관련 장애,CDKL5-related disorder,G40.40,V900,의료비(급여부분),미분류,[],,미분류,,
1234,COL4A1 관련 장애,Collagen alpha1(Ⅳ) chain related disorders,없음,V900,의료비(급여부분),미분류,[],,미분류,,
1233,COL4A3BP 관련 정신 지체,COL4A3BP-related mental retardation,없음,V900,의료비(급여부분),미분류,[],,미분류,,
1232,CTLA4 결핍,CTLA4 deficiency,없음,V900,의료비(급여부분),미분류,[],,미분류,,
1231,CTNNB1 관련 장애,CTNNB1-related disorder,없음,V900,의료비(급여부분),미분류,[],,미분류,,
1230,CUL4B 관련 지적장애[카베자스형의 X염색체 연관 지적장애],"CUL4B related intellectual disability[X-linked intellectual disability, Cabezas type]",없음,V900,의료비(급여부분),미분류,[],,미분류,,
1229,CUX1 유전자 변이,CUX1 gene mutation,없음,V900,의료비(급여부분),미분류,[],,미분류,,
1228,CYFIP2 유전자 돌연변이,CYFIP2 gene mutation,없음,V900,의료비(급여부분),미분류,[],,미분류,,
1227,Chitayat 증후군,Chitayat syndrome,없음,V900,의료비(급여부분),미분류,[],,미분류,,
1226,C형혈우병,Haemophilia C,D68.1,V009,의료비(급여부분),미분류,[],,미분류,,
1225,DDX3X 관련 장애,DDX3X-related disorder,없음,V900,의료비(급여부분),미분류,[],,미분류,,
1224,DDX6 관련 장애,DDX6 related disorder,없음,V900,의료비(급여부분),미분류,[],,미분류,,
1223,DEAF1 관련 장애,DEAF1 related disorder,없음,V900,의료비(급여부분),미분류,[],,미분류,,
1222,DHDDS 유전자 변이에 의한 운동 이상을 동반하거나 동반하지 않는 발달지연 및 발작,Developmental delay and seizures with or without movement abnormalities (DEDSM) due to DHDDS gene,없음,V900,의료비(급여부분),미분류,[],,미분류,,
1221,DLL1 관련 질환,DLL1-related disorder,없음,V900,의료비(급여부분),미분류,[],,미분류,,
1220,DNA복구결손을 수반한 소뇌성 운동실조,Cerebellar ataxia with defective DNA repair,G11.3,V123,"의료비(급여부분), 간병비, 인공호흡기 및 기침유발기, 보조기기 구입비",신경과,"[""신경과""]",manual_primary_whitelist:\bataxia\b,분류완료,,
1219,DOCK8 유전자 변이 또는 결손,DOCK8 gene mutation or deletion,없음,V900,의료비(급여부분),미분류,[],,미분류,,
1218,DYRK1A 증후군,DYRK1A syndrome,없음,V900,의료비(급여부분),신경과,"[""신경과""]",en_product3_181.xml,분류완료,464306,DYRK1A-related intellectual disability syndrome
1217,Den Hoed-de Boer-Voisin 증후군,Den Hoed-de Boer-Voisin syndrome,없음,V900,의료비(급여부분),신경과,"[""신경과"", ""치과/구강악안면외과""]",en_product3_181.xml; en_product3_197.xml,리뷰필요,684232,Intellectual disability-epilepsy-dental anomalies-facial dysmorphism syndrome
1216,Dent 질환,Dent disease,없음,V900,의료비(급여부분),신장내과,"[""신장내과"", ""내분비대사내과"", ""정형외과""]",en_product3_188.xml; en_product3_193.xml; en_product3_199.xml,분류완료,1652,Dent disease
1215,Desanto-shinawi 증후군,Desanto-shinawi syndrome,없음,V900,의료비(급여부분),신경과,"[""신경과""]",en_product3_181.xml,분류완료,466943,WAC-related facial dysmorphism-developmental delay-behavioral abnormalities syndrome
1214,EEF1A2 관련 장애,EEF1A2-related disorder,없음,V900,의료비(급여부분),미분류,[],,미분류,,
1213,FBXO11 관련 장애,FBXO11-related disorder,없음,V900,의료비(급여부분),미분류,[],,미분류,,
1212,"FBXW7 관련 보통염색체 우성 발달지연, 근긴장저하 및 언어장애","FBXW7 related autosomal dominant developmental delay, hypotonia, and impaired language",없음,V900,의료비(급여부분),미분류,[],,미분류,,
1211,FG2 증후군,FG2 syndrome,없음,V900,의료비(급여부분),미분류,[],,미분류,,
1210,FLNA 관련 뇌실주위 결절성 이소증,FLNA-related periventricular nodular heterotopia,없음,V900,의료비(급여부분),미분류,[],,미분류,,
1209,FOXP1 관련 장애,FOXP1 related disorder,없음,V900,의료비(급여부분),미분류,[],,미분류,,
1208,FTSJ1 관련 장애,FTSJ1 related disorder,없음,V900,의료비(급여부분),미분류,[],,미분류,,
1207,Foxp4 관련 발달 장애,Foxp4 related developmental disorder,없음,V900,의료비(급여부분),미분류,[],,미분류,,
1206,G6PD결핍빈혈,G6PD deficiency anaemia,D55.0,V163,의료비(급여부분),미분류,[],,미분류,,
1205,GABRB3 관련 장애,GABRB3 related disorder,없음,V900,의료비(급여부분),미분류,[],,미분류,,
1204,GATA2 결핍,GATA2 deficiency,없음,V900,의료비(급여부분),미분류,[],,미분류,,
1203,GATAD2B와 연관된 신경발달장애,GATAD2B associated neurodevelopmental disorder[GAND],없음,V900,의료비(급여부분),미분류,[],,미분류,,
1202,GJB2 관련 감각신경성 난청,GJB2 related sensory neural hearing loss,없음,V900,의료비(급여부분),이비인후과,"[""이비인후과""]",manual_primary_whitelist:감각신경성 난청,분류완료,,
1201,GM₁-강글리오시드증,GM₁-gangliosidosis,E75.1,V117,의료비(급여부분),내분비대사내과,"[""내분비대사내과"", ""신경과"", ""정형외과""]",en_product3_150.xml; en_product3_181.xml; en_product3_199.xml,분류완료,354,GM1 gangliosidosis
1200,GM₂-강글리오시드증,GM₂-gangliosidosis,E75.0,V117,의료비(급여부분),내분비대사내과,"[""내분비대사내과"", ""신경과""]",en_product3_150.xml; en_product3_181.xml,분류완료,309152,GM2 gangliosidosis
1199,GM₂-강글리오시드증 NOS,GM₂gangliosidosis NOS,E75.0,V117,의료비(급여부분),미분류,[],,미분류,,
1198,GM₃-강글리오시드증,GM₃-gangliosidosis,E75.1,V117,의료비(급여부분),미분류,[],,미분류,,
1197,GNAO1 뇌병증,GNAO1 encephalopathy,없음,V900,의료비(급여부분),미분류,[],,미분류,,
1196,GNB1 관련 장애,GNB1-related disorder,없음,V900,의료비(급여부분),미분류,[],,미분류,,
1195,GNB2 관련 장애,GNB2 related disorder,없음,V900,의료비(급여부분),미분류,[],,미분류,,
1194,GRIN1 관련 신경발달장애,GRIN1 related neurodevelopmental disorder,없음,V900,의료비(급여부분),미분류,[],,미분류,,
1193,GRIN2A 관련 장애,GRIN2A related disorder,없음,V900,의료비(급여부분),미분류,[],,미분류,,
1192,GRIN2B 관련 발달지연,GRIN2B related developmental delay,없음,V900,의료비(급여부분),미분류,[],,미분류,,
1191,GRM7 관련 발달지연,GRM7 related developmental delay,없음,V900,의료비(급여부분),미분류,[],,미분류,,
1190,HK1 관련 장애,HK1 related disorder,없음,V900,의료비(급여부분),미분류,[],,미분류,,
1189,HNF1B 유전자 돌연변이,HNF1B gene mutation,없음,V900,의료비(급여부분),미분류,[],,미분류,,
1188,HNRNPU-관련 장애,HNRNPU-related disorder,없음,V900,의료비(급여부분),미분류,[],,미분류,,
1187,HUWE1 관련 장애,HUWE1 related disorder,없음,V900,의료비(급여부분),미분류,[],,미분류,,
1186,Hiatt-Neu-Copper 신경발달 증후군,Hiatt-Neu-Copper neurodevelopmental syndrome,없음,V900,의료비(급여부분),미분류,[],,미분류,,
1185,Hijazi-Reis 증후군,Hijazi-Reis syndrome,없음,V900,의료비(급여부분),미분류,[],,미분류,,
1184,Hoyeraal-Hreidarsson 증후군,Hoyeraal-Hreidarsson syndrome,없음,V900,의료비(급여부분),류마티스내과/면역내과,"[""류마티스내과/면역내과"", ""신경과"", ""혈액종양내과""]",en_product3_181.xml; en_product3_194.xml; en_product3_195.xml,리뷰필요,3322,Hoyeraal-Hreidarsson syndrome
1183,IL12RB1 결핍,IL12RB1 deficiency,없음,V900,의료비(급여부분),미분류,[],,미분류,,
1182,Jansen-de Vries 증후군,Jansen-de Vries syndrome,없음,V900,의료비(급여부분),신경과,"[""신경과""]",en_product3_181.xml,분류완료,653767,Jansen-de Vries syndrome
1181,KAT6B 관련 증후군,KAT6B-related syndrome,없음,V900,의료비(급여부분),미분류,[],,미분류,,
1180,KCNQ5 관련 지적 장애,KCNQ5 related intellectual disability,없음,V900,의료비(급여부분),미분류,[],,미분류,,
1179,KID 증후군,KID syndrome (Keratitis-ichthyosis-deafness),없음,V900,의료비(급여부분),미분류,[],,미분류,,
1178,"KIF11 관련 맥락막망막병증, 소두증, 정신지체","KIF11 related chorioretinopathy, microcephaly, mental retardation",없음,V900,의료비(급여부분),신경과,"[""신경과"", ""안과""]",manual_primary_whitelist:\bchorioretinopath(y|ies)\b,분류완료,,
1177,KIF1A 유전자 돌연변이에 의한 신경병증,Neuropathy due to KIF1A gene mutation,없음,V900,의료비(급여부분),신경과,"[""신경과""]",manual_primary_whitelist:\bneuropathy\b,분류완료,,
1176,KMT2B-관련 근긴장이상,KMT2B-related dystonia,없음,V900,의료비(급여부분),신경과,"[""신경과""]",en_product3_181.xml,분류완료,589618,Dystonia 28
1175,L1 증후군,L1 syndrome,없음,V900,의료비(급여부분),신경과,"[""신경과""]",en_product3_181.xml,분류완료,275543,L1 syndrome
1174,LRBA 결핍,LRBA deficiency,없음,V900,의료비(급여부분),미분류,[],,미분류,,
1173,Liang Wang 증후군,Liang Wang syndrome,없음,V900,의료비(급여부분),신경과,"[""신경과"", ""심장내과/소아심장과"", ""치과/구강악안면외과""]",en_product3_148.xml; en_product3_181.xml; en_product3_197.xml,리뷰필요,664438,Gingival fibromatosis-aortic root dilatation-facial dysmorphism-intellectual disability syndrome
1172,MED13L 증후군,MED13L syndrome,없음,V900,의료비(급여부분),미분류,[],,미분류,,
1171,MEF2C 관련 증후군,MEF2C-related syndrome,없음,V900,의료비(급여부분),신경과,"[""신경과""]",en_product3_181.xml,분류완료,664410,Brain abnormalities-severe developmental delay-facial dysmorphism-intellectual disability syndrome
1170,MEIS2 관련 장애,MEIS2 related disorder,없음,V900,의료비(급여부분),미분류,[],,미분류,,
1169,METTL23 관련 발달지연,METTL23 related developmental delay,없음,V900,의료비(급여부분),미분류,[],,미분류,,
1168,"MORC2 관련 발달지연, 성장장애, 이상형태성 얼굴 및 축삭신경병증","MORC2 related developmental delay, impaired growth, dysmorphic facies, and axonal neuropathy",없음,V900,의료비(급여부분),신경과,"[""신경과""]",manual_primary_whitelist:\bneuropathy\b,분류완료,,
1167,MUTYH-연관 폴립증 (가족성 선종성 폴립증 2형),MUTYH-associated polyposis (Familial adenomatous polyposis type2),없음,V900,의료비(급여부분),미분류,[],,미분류,,
1166,MYT1L 관련 장애,MYT1L related disorder,없음,V900,의료비(급여부분),미분류,[],,미분류,,
1165,Mesomelia-synostoses 증후군(8번 염색체 장완의 13부분의 미세결손 증후군),Mesomelia-synostoses syndrome(8q13 microdeletion syndrome),없음,V900,의료비(급여부분),미분류,[],,미분류,,
1164,NACC1 관련 장애,NACC1-related disorder,없음,V900,의료비(급여부분),미분류,[],,미분류,,
1163,NALCN 관련 장애,NALCN-related disorder,없음,V900,의료비(급여부분),미분류,[],,미분류,,
1162,NKAP 관련 장애,NKAP related disorder,없음,V900,의료비(급여부분),미분류,[],,미분류,,
1161,NSUN2 관련 발달지연,NSUN2 related developmental delay,없음,V900,의료비(급여부분),미분류,[],,미분류,,
1160,OPHN1 관련 장애,OPHN1-related disorder,없음,V900,의료비(급여부분),미분류,[],,미분류,,
1159,Opitz-G/BBB 증후군,Opitz-G/BBB syndrome,없음,V900,의료비(급여부분),비뇨의학과,"[""비뇨의학과"", ""신경과"", ""안과""]",en_product3_181.xml; en_product3_185.xml; en_product3_189.xml,리뷰필요,2745,Opitz GBBB syndrome
1158,Opitz-Kaveggia 증후군[FG 증후군 1형],Opitz-Kaveggia syndrome[FG syndrome type 1],없음,V900,의료비(급여부분),미분류,[],,미분류,,
1157,PCDH 19 관련 뇌전증 증후군,PCDH 19-related epilepsy syndrome,없음,V900,의료비(급여부분),신경과,"[""신경과""]",manual_primary_whitelist:\bepilepsy\b,분류완료,,
1156,PNKP 관련 발달지연,PNKP related developmental delay,없음,V900,의료비(급여부분),미분류,[],,미분류,,
1155,"POLR2A 관련 장애(저긴장증, 다양한 지적장애, 행동이상을 동반한 신경발달장애)",POLR2A related disorder (Neurodevelopmental disorder with hypotonia and variable intellectual disability and behavioral abnormality),없음,V900,의료비(급여부분),미분류,[],,미분류,,
1154,POLR3A 관련 장애,POLR3A related disorder,없음,V900,의료비(급여부분),미분류,[],,미분류,,
1153,POU3F3 관련 장애 (Snijders Blok-Fisher 증후군),POU3F3-related disorder (Snijders Blok-Fisher syndrome),없음,V900,의료비(급여부분),미분류,[],,미분류,,
1152,PPP2R5D 관련 장애,PPP2R5D-related disorder,없음,V900,의료비(급여부분),미분류,[],,미분류,,
1151,PRR12 관련 신경-눈 증후군,PRR12 related neuro-ocular syndrome,없음,V900,의료비(급여부분),미분류,[],,미분류,,
1150,PTEN 과오종 종양 증후군,PTEN Hamartoma Tumor Syndrome (PHTS),없음,V900,의료비(급여부분),미분류,[],,미분류,,
1149,Primrose 증후군,Primrose syndrome,없음,V900,의료비(급여부분),신경과,"[""신경과"", ""안과""]",en_product3_181.xml; en_product3_189.xml,분류완료,3042,Intellectual disability-cataracts-calcified pinnae-myopathy syndrome
1148,RAFIG 증후군,RAFIG syndrome,없음,V900,의료비(급여부분),미분류,[],,미분류,,
1147,RANBP2 관련 급성 뇌병증,RANBP2 related acute encephalopathy,없음,V900,의료비(급여부분),미분류,[],,미분류,,
1146,RERE 관련 장애,RERE-related disorders,없음,V900,의료비(급여부분),미분류,[],,미분류,,
1145,Rauch-Steindl 증후군,Rauch-Steindl syndrome,없음,V900,의료비(급여부분),신경과,"[""신경과""]",en_product3_181.xml,분류완료,659642,Rauch-Steindl syndrome
1144,Renpenning 증후군,Renpenning syndrome,없음,V900,의료비(급여부분),신경과,"[""신경과""]",en_product3_181.xml,분류완료,3242,Renpenning syndrome
1143,SCN8A 관련 질환,SCN8A related disease,없음,V900,의료비(급여부분),미분류,[],,미분류,,
1142,SECISBP2 관련 장애,SECISBP2 related disorder,없음,V900,의료비(급여부분),미분류,[],,미분류,,
1141,SLC6A1 관련 근간대성-무긴장성-뇌전증,SLC6A1 related myoclonic-atonic epilepsy,없음,V900,의료비(급여부분),신경과,"[""신경과""]",manual_primary_whitelist:\bepilepsy\b,분류완료,,
1140,SLC6A5 관련 병적놀람증,SLC6A5 related hyperekplexia,없음,V900,의료비(급여부분),미분류,[],,미분류,,
1139,SLCO2A1 관련 만성 장병증,SLCO2A1 related chronic enteropathy,없음,V900,의료비(급여부분),미분류,[],,미분류,,
1138,SOX2 관련 장애,SOX2 related disorder,없음,V900,의료비(급여부분),미분류,[],,미분류,,
1137,STAT3 기능 획득 질환,STAT3 gain of function disease,없음,V900,의료비(급여부분),미분류,[],,미분류,,
1136,SYNGAP1 관련 지적장애,SYNGAP1-related intellectual disability,없음,V900,의료비(급여부분),미분류,[],,미분류,,
1135,Schimke 면역-골 형성이상,Schimke immunosseous dysplasia (SIOD),없음,V900,의료비(급여부분),미분류,[],,미분류,,
1134,Snijders Blok-Campeu 증후군,Snijders Blok-Campeu syndrome,없음,V900,의료비(급여부분),미분류,[],,미분류,,
1133,Snyder-Robinson 증후군,Snyder-Robinson syndrome,없음,V900,의료비(급여부분),신경과,"[""신경과""]",en_product3_181.xml,분류완료,3063,"X-linked intellectual disability, Snyder type"
1132,Stolerman 신경발달 증후군(KDM6B 관련),Stolerman neurodevelopmental syndrome(KDM6B related),없음,V900,의료비(급여부분),미분류,[],,미분류,,
1131,T- 및 B-세포수가 감소된 중증복합면역결핍,Severe combined immunodeficiency [SCID] with low T-and B-cell numbers,D81.1,V111,의료비(급여부분),미분류,[],,미분류,,
1130,TAF1 관련 장애,TAF1 related disorder,없음,V900,의료비(급여부분),미분류,[],,미분류,,
1129,TAOK1 관련 지적 장애[지적 장애 또는 행동 이상을 동반하거나 동반하지 않는 발달 지연],TAOK1 related intellectual disability[Developmental delay with or without intellectual impairment or behavioral abnormalities],없음,V900,의료비(급여부분),미분류,[],,미분류,,
1128,TBR1 관련 자폐증과 언어지연을 동반한 지적 발달 지연,TBR1 related intellectual developmental delay with autism and speech delay,없음,V900,의료비(급여부분),미분류,[],,미분류,,
1127,TFE3 연관 신경발달 장애,TFE3-associated neurodevelopmental disorder,없음,V900,의료비(급여부분),미분류,[],,미분류,,
1126,THOC2 관련 장애,"Intellectual developmental disorder, X-linked 12",없음,V900,의료비(급여부분),미분류,[],,미분류,,
1125,"TLK2 관련 지적장애[지적발달장애, 보통염색체 우성 57]","TLK2 related intellectual disability [Intellectual developmental disorder, autosomal dominant 57]",없음,V900,의료비(급여부분),미분류,[],,미분류,,
1124,TMEM106B 유전자 돌연변이,TMEM106B gene mutation,없음,V900,의료비(급여부분),미분류,[],,미분류,,
1123,TRIO 관련 대두증을 동반한 지적장애,TRIO related intellectual disability with macrocephaly,없음,V900,의료비(급여부분),미분류,[],,미분류,,
1122,TRIP12 관련 질환,TRIP12 related disease,없음,V900,의료비(급여부분),미분류,[],,미분류,,
1121,TRPM3 관련 장애,TRPM3 reIated disorder,없음,V900,의료비(급여부분),미분류,[],,미분류,,
1120,Townes-Brocks 증후군,Townes-Brocks syndrome,없음,V900,의료비(급여부분),이비인후과,"[""이비인후과"", ""정형외과""]",en_product3_199.xml; en_product3_200.xml,리뷰필요,857,Townes-Brocks syndrome
1119,UBTF 관련 신경 변성,UBTF related neurodegeneration,없음,V900,의료비(급여부분),미분류,[],,미분류,,
1118,Ververi-Brady 증후군,Ververi-Brady syndrome,없음,V900,의료비(급여부분),미분류,[],,미분류,,
1117,Vici 증후군,Vici syndrome,없음,V900,의료비(급여부분),소아청소년과/의학유전학,"[""류마티스내과/면역내과"", ""소아청소년과/의학유전학"", ""신경과"", ""심장내과/소아심장과"", ""피부과""]",en_product3_146.xml; en_product3_181.xml; en_product3_187.xml; en_product3_189.xml; en_product3_195.xml,리뷰필요,1493,Vici syndrome
1116,WAGR 증후군(11번 염색체 단완의 13부분 결손),WAGR syndrome(Deletion 11p13),없음,V900,의료비(급여부분),미분류,[],,미분류,,
1115,WWOX 관련 장애,WWOX related disorder,없음,V900,의료비(급여부분),미분류,[],,미분류,,
1114,Wieacker-Wolff 증후군,Wieacker-Wolff syndrome,없음,V900,의료비(급여부분),신경과,"[""신경과""]",en_product3_181.xml,분류완료,3454,Wieacker-Wolff syndrome
1113,X 염색체장완의 28부분의 중복 증후군,Chromosome Xq28 duplication syndrome,없음,V901,의료비(급여부분),미분류,[],,미분류,,
1112,X-연관 림프증식성 질환,X-linked lymphoproliferative disease,D82.3,V111,의료비(급여부분),미분류,[],,미분류,,
1111,X-연관 세포사멸사 억제인자 결핍,X-linked inhibitor of apoptosis deficiency,없음,V900,의료비(급여부분),미분류,[],,미분류,,
1110,X-연관 연소성 망막분리,X-linked juvenile retinoschisis,Q14.1,V900,의료비(급여부분),안과,"[""안과""]",en_product3_189.xml,분류완료,792,X-linked retinoschisis
1109,X-연관 열성 척수소뇌성 운동실조,X-linked recessive spinocerebellar ataxia,G11.1,V123,"의료비(급여부분), 간병비, 인공호흡기 및 기침유발기, 보조기기 구입비",신경과,"[""신경과""]",manual_primary_whitelist:\bataxia\b,분류완료,,
1108,X-연관 우성 연골형성이상,X-linked dominant chondrodysplasia,Q77.3,V228,의료비(급여부분),미분류,[],,미분류,,
1107,X-연관무감마글로불린혈증[브루톤](성장호르몬결핍을 동반),X-linked agammaglobulinaemia [Bruton] (with growth hormone deficiency),D80.0,V111,의료비(급여부분),미분류,[],,미분류,,
1106,X-연관비늘증,X-linked ichthyosis,Q80.1,V300,의료비(급여부분),피부과,"[""피부과"", ""안과""]",en_product3_187.xml; en_product3_189.xml,분류완료,461,Recessive X-linked ichthyosis
1105,X-연관비늘증; 스테로이드설파타제결핍,X-linked ichthyosis; steroid sulfatase deficiency,Q80.1,V300,의료비(급여부분),미분류,[],,미분류,,
1104,X연관 정신지체-저긴장성 얼굴증후군,X-linked mental retardation-hypotonic facies syndrome,없음,V900,의료비(급여부분),미분류,[],,미분류,,
1103,X염색체 단완의 결손 증후군,Xp deletion syndrome,없음,V901,의료비(급여부분),미분류,[],,미분류,,
1102,X염색체 단완의 중복 증후군,Xp duplication syndrome,없음,V901,의료비(급여부분),미분류,[],,미분류,,
1101,X염색체 장완의 결손 증후군,Xq deletion syndrome,없음,V901,의료비(급여부분),미분류,[],,미분류,,
1100,X염색체 장완의 중복 증후군,Xq duplication syndrome,없음,V901,의료비(급여부분),미분류,[],,미분류,,
1099,YWHAG 관련 장애,YWHAG related disorder,없음,V900,의료비(급여부분),미분류,[],,미분류,,
1098,ZBTB18 관련 장애,ZBTB18 related disorder,없음,V900,의료비(급여부분),미분류,[],,미분류,,
1097,ZSWIM6 관련 신경발달 장애,ZSWIM6 related neurodevelopmental disorders,없음,V900,의료비(급여부분),미분류,[],,미분류,,
1096,ZTTK 증후군,Zhu-Tokita-Takenouchi-Kim [ZTTK] syndrome,없음,V900,의료비(급여부분),미분류,[],,미분류,,
1095,Ⅰ형 점액다당류증,"Mucopolysaccharidosis, type Ⅰ",E76.0,V117,"의료비(급여부분), 간병비, 인공호흡기 및 기침유발기, 보조기기 구입비",내분비대사내과,"[""내분비대사내과"", ""신경과"", ""안과"", ""정형외과""]",en_product3_150.xml; en_product3_181.xml; en_product3_189.xml; en_product3_199.xml,분류완료,579,Mucopolysaccharidosis type 1
1094,Ⅱ형 점액다당류증,"Mucopolysaccharidosis, type Ⅱ",E76.1,V117,"의료비(급여부분), 간병비, 인공호흡기 및 기침유발기, 보조기기 구입비",내분비대사내과,"[""내분비대사내과"", ""신경과"", ""심장내과/소아심장과"", ""안과"", ""정형외과"", ""피부과""]",en_product3_146.xml; en_product3_150.xml; en_product3_181.xml; en_product3_187.xml; en_product3_189.xml; en_product3_199.xml,분류완료,580,Mucopolysaccharidosis type 2
1093,"Ⅲ, Ⅳ, Ⅵ, Ⅶ형 점액다당류증","Mucopolysaccharidosis, types Ⅲ, Ⅳ, Ⅵ, Ⅶ",E76.2,V117,"의료비(급여부분), 간병비, 인공호흡기 및 기침유발기, 보조기기 구입비",미분류,[],,미분류,,
1092,가부키 증후군,Kabuki syndrome,Q87.0,V900,의료비(급여부분),소아청소년과/의학유전학,"[""내분비대사내과"", ""류마티스내과/면역내과"", ""비뇨의학과"", ""소아청소년과/의학유전학"", ""신경과"", ""안과"", ""이비인후과"", ""정형외과""]",en_product3_181.xml; en_product3_189.xml,리뷰필요,2322,Kabuki syndrome
1091,가브리엘레 드 브리스 증후군,Gabriele-de Vries syndrome,없음,V900,의료비(급여부분),신경과,"[""신경과""]",en_product3_181.xml,분류완료,506358,Gabriele-de Vries syndrome
1090,가성 연골무형성 형성이상,Pseudoachondroplastic dysplasia,Q78.9,V900,의료비(급여부분),정형외과,"[""정형외과""]",en_product3_199.xml,분류완료,750,Pseudoachondroplasia
1089,가성 장 폐쇄,Intestinal pseudo-obstruction,K56.0,V312,의료비(급여부분),미분류,[],,미분류,,
1088,가족성 부신코티코이드결핍,Familial glucocorticoid deficiency,E27.1,V116,의료비(급여부분),내분비대사내과,"[""내분비대사내과"", ""신경과""]",en_product3_181.xml; en_product3_193.xml,분류완료,361,Familial glucocorticoid deficiency
1087,가족성 선종성 용종증,Familial adenomatous polyposis,D12.6,V281,의료비(급여부분),소화기내과,"[""소화기내과"", ""안과"", ""혈액종양내과""]",en_product3_152.xml; en_product3_189.xml; en_product3_202.xml,분류완료,733,Familial adenomatous polyposis
1086,가족성 운동신경세포병,Familial motor neuron disease,G12.20,V123,"의료비(급여부분), 간병비, 인공호흡기 및 기침유발기, 보조기기 구입비",미분류,[],,미분류,,
1085,가족성 저인산혈증,Familial hypophosphataemia,E83.3,V189,의료비(급여부분),미분류,[],,미분류,,
1084,가족성 저형성빈혈,Familial hypoplastic anaemia,D61.0,V023,의료비(급여부분),미분류,[],,미분류,,
1083,가족성 지중해열,Familial Mediterranean fever,E85.0,V121,의료비(급여부분),류마티스내과/면역내과,"[""류마티스내과/면역내과"", ""소아청소년과/의학유전학"", ""신장내과""]",en_product3_188.xml; en_product3_195.xml; en_product3_196.xml; en_product3_231.xml,분류완료,342,Familial Mediterranean fever
1082,가족성 칸디다증,Familial candidiasis,없음,V900,의료비(급여부분),미분류,[],,미분류,,
1081,가족성 혈구탐식세망증,Familial haemophagocytic reticulosis,D76.1,V110,의료비(급여부분),미분류,[],,미분류,,
1080,가족성 흉부 대동맥동맥류 및 박리,Familial thoracic aortic aneurysm and dissection,없음,V900,의료비(급여부분),심장내과/소아심장과,"[""심장내과/소아심장과""]",manual_primary_whitelist:\baortic aneurysm\b,분류완료,,
1079,각막결막염을(를) 동반한 쉐그렌증후군,Sjogren’s syndrome with keratoconjunctivitis,M35.0,V139,의료비(급여부분),미분류,[],,미분류,,
1078,간뇌 미토콘드리아 DNA 고갈 증후군,Hepatocerebral mitochondrial DNA depletion syndrome,없음,V900,의료비(급여부분),미분류,[],,미분류,,
1077,간인산화효소결핍,Liver phosphorylase deficiency,E74.0,V117,"의료비(급여부분), 간병비, 인공호흡기 및 기침유발기, 보조기기 구입비, 옥수수전분",미분류,[],,미분류,,
1076,간헐 운동실조 2형,Episodic ataxia type 2,G11.1,V900,의료비(급여부분),신경과,"[""신경과""]",manual_primary_whitelist:\bataxia\b,분류완료,,
1075,갈락토스대사장애,Disorders of galactose metabolism,E74.2,V117,의료비(급여부분),미분류,[],,미분류,,
1074,갈락토스혈증,Galactosaemia,E74.2,V117,의료비(급여부분),미분류,[],,미분류,,
1073,갈락토카이네이스결핍,Galactokinase deficiency,E74.2,V117,의료비(급여부분),내분비대사내과,"[""내분비대사내과"", ""신장내과"", ""안과""]",en_product3_150.xml; en_product3_188.xml; en_product3_189.xml,분류완료,79237,Galactokinase deficiency
1072,갈로웨이-모왓 증후군,Galloway Mowat syndrome,없음,V900,의료비(급여부분),신경과,"[""신경과"", ""신장내과""]",en_product3_181.xml; en_product3_188.xml,리뷰필요,2065,Galloway-Mowat syndrome
1071,감마글루타밀회로의 장애,Disorders of γ-glutamyl cycle,E72.8,V117,의료비(급여부분),미분류,[],,미분류,,
1070,강글리오시드증 NOS,Gangliosidosis NOS,E75.1,V117,의료비(급여부분),미분류,[],,미분류,,
1069,강직인간증후군,Stiff-person[man] syndrome,G25.8,V900,의료비(급여부분),미분류,[],,미분류,,
1068,"강직척추염, 경부","Ankylosing spondylitis, cervical region",M45.2,V140,의료비(급여부분),미분류,[],,미분류,,
1067,"강직척추염, 경흉추부","Ankylosing spondylitis, cervicothoracic region",M45.3,V140,의료비(급여부분),미분류,[],,미분류,,
1066,"강직척추염, 요천부","Ankylosing spondylitis, lumbosacral region",M45.7,V140,의료비(급여부분),미분류,[],,미분류,,
1065,"강직척추염, 요추부","Ankylosing spondylitis, lumbar region",M45.6,V140,의료비(급여부분),미분류,[],,미분류,,
1064,"강직척추염, 척추의 여러 부위","Ankylosing spondylitis, multiple sites in spine",M45.0,V140,의료비(급여부분),미분류,[],,미분류,,
1063,"강직척추염, 천추 및 천미추부","Ankylosing spondylitis, sacral and sacrococcygeal region",M45.8,V140,의료비(급여부분),미분류,[],,미분류,,
1062,"강직척추염, 후두환축부","Ankylosing spondylitis, occipito-atlanto-axial region",M45.1,V140,의료비(급여부분),미분류,[],,미분류,,
1061,"강직척추염, 흉요추부","Ankylosing spondylitis, thoracolumbar region",M45.5,V140,의료비(급여부분),미분류,[],,미분류,,
1060,"강직척추염, 흉추부","Ankylosing spondylitis, thoracic region",M45.4,V140,의료비(급여부분),미분류,[],,미분류,,
1059,거대뇌증-다소뇌회증-다지증-수두증 증후군2(AKT3 관련),Megalencephaly-polymicrogyria-polydactyly-hydrocephalus[MPPH] syndrome 2(AKT3 related),없음,V900,의료비(급여부분),미분류,[],,미분류,,
1058,거대뇌증-모세혈관 기형-다발미세이랑 증후군,Megalencephaly-capillary malformation-polymicrogyria syndrome,없음,V900,의료비(급여부분),신경과,"[""신경과"", ""심장내과/소아심장과"", ""피부과"", ""혈액종양내과""]",en_product3_181.xml; en_product3_187.xml; en_product3_198.xml; en_product3_202.xml,리뷰필요,60040,Megalencephaly-capillary malformation-polymicrogyria syndrome
1057,거대방광-미세결장-장연동저하 증후군(MMIHS),Megacystis-microcolon-intestinal hypoperistalsis syndrome (MMIHS),없음,V900,의료비(급여부분),미분류,[],,미분류,,
1056,거대세포동맥염,Giant cell arteritis,없음,V900,의료비(급여부분),류마티스내과/면역내과,"[""류마티스내과/면역내과"", ""신장내과"", ""심장내과/소아심장과""]",en_product3_188.xml; en_product3_196.xml; en_product3_198.xml,분류완료,397,Giant cell arteritis
1055,거의 정상의 면역글로불린 또는 고면역글로불린혈증을 동반한 항체결핍,Antibody deficiency with near-normal immunoglobulins or with hyperimmunoglobulinaemia,D80.6,V111,의료비(급여부분),미분류,[],,미분류,,
1054,거짓 부갑상선기능저하증,Pseudohypoparathyroidism,E20.1,V900,의료비(급여부분),내분비대사내과,"[""내분비대사내과"", ""신장내과""]",en_product3_188.xml; en_product3_193.xml,분류완료,97593,Pseudohypoparathyroidism
1053,거짓근긴장증,Pseudomyotonia,G71.1,V012,"의료비(급여부분), 간병비, 인공호흡기 및 기침유발기, 보조기기 구입비",미분류,[],,미분류,,
1052,건조증후군[쉐그렌],Sicca syndrome[Sjögren],M35.0,V139,의료비(급여부분),미분류,[],,미분류,,
1051,결절성 경화증,Tuberous sclerosis,Q85.1,V204,의료비(급여부분),신경과,"[""신경과"", ""신장내과"", ""심장내과/소아심장과"", ""피부과"", ""혈액종양내과""]",en_product3_181.xml; en_product3_187.xml; en_product3_188.xml; en_product3_198.xml; en_product3_202.xml,리뷰필요,805,Tuberous sclerosis complex
1050,결절성 다발동맥염,Polyarteritis nodosa,M30.0,V134,의료비(급여부분),류마티스내과/면역내과,"[""류마티스내과/면역내과"", ""소아청소년과/의학유전학"", ""신경과"", ""신장내과"", ""심장내과/소아심장과""]",en_product3_181.xml; en_product3_188.xml; en_product3_196.xml; en_product3_198.xml; en_product3_231.xml,분류완료,767,Polyarteritis nodosa
1049,고라이신혈증,Hyperlysinaemia,E72.3,V117,의료비(급여부분),미분류,[],,미분류,,
1048,고류신-이소류신혈증,Hyperleucine-isoleucinaemia,E71.1,V117,"의료비(급여부분), 특수분유 및 저단백즉석밥",미분류,[],,미분류,,
1047,고린-샤우드리-모스 증후군,Gorlin-Chaudhry-Moss syndrome,Q87.0,V185,의료비(급여부분),류마티스내과/면역내과,"[""류마티스내과/면역내과"", ""피부과""]",en_product3_187.xml; en_product3_196.xml,분류완료,2095,Gorlin-Chaudhry-Moss syndrome
1046,고린증후군,Gorlin syndrome,없음,V900,의료비(급여부분),신경과,"[""신경과"", ""치과/구강악안면외과"", ""피부과"", ""혈액종양내과""]",en_product3_181.xml; en_product3_187.xml; en_product3_197.xml; en_product3_202.xml,리뷰필요,377,Gorlin syndrome
1045,고면역글로불린E증후군,Hyperimmunoglobulin E [IgE] syndrome,D82.4,V111,의료비(급여부분),미분류,[],,미분류,,
1044,고밀도침착병을 동반한 신증후군,Nephrotic syndrome with dense deposit disease,N04.6,V263,의료비(급여부분),미분류,[],,미분류,,
1043,고발린혈증,Hypervalinaemia,E71.1,V117,"의료비(급여부분), 특수분유 및 저단백즉석밥",미분류,[],,미분류,,
1042,고쉐병,Gaucher’s disease,E75.2,V117,의료비(급여부분),미분류,[],,미분류,,
1041,고암모니아혈증,Hyperammonaemia,E72.2,V117,"의료비(급여부분), 특수분유 및 저단백즉석밥",미분류,[],,미분류,,
1040,고양이울음증후군,Cri-du-chat syndrome,Q93.4,V205,의료비(급여부분),소아청소년과/의학유전학,"[""소아청소년과/의학유전학""]",en_product3_189.xml,분류완료,281,Monosomy 5p syndrome
1039,고전적 페닐케톤뇨증,Classical phenylketonuria,E70.0,V117,"의료비(급여부분), 특수분유 및 저단백즉석밥",미분류,[],,미분류,,
1038,고전적 혈우병,Classical haemophilia,D66,V009,의료비(급여부분),미분류,[],,미분류,,
1037,"고프롤린혈증(Ⅰ, Ⅱ형)","Hyperprolinaemia (typesⅠ, Ⅱ)",E72.5,V117,의료비(급여부분),미분류,[],,미분류,,
1036,고하이드록시프롤린혈증,Hyperhydroxyprolinaemia,E72.5,V117,의료비(급여부분),미분류,[],,미분류,,
1035,고함-스타우트 병,Gorham-Stout disease (GSD),없음,V900,의료비(급여부분),미분류,[],,미분류,,
1034,고호모시스테인혈증,Hyperhomocysteinemia,E72.1,V117,의료비(급여부분),미분류,[],,미분류,,
1033,"골간단연골형성이상, 슈미드형","Metaphyseal chondrodysplasia, Schmid type",Q78.5,V900,의료비(급여부분),정형외과,"[""정형외과""]",en_product3_199.xml,분류완료,174,"Metaphyseal chondrodysplasia, Schmid type"
1032,골간병적조직연결,Diaphyseal aclasis,Q78.6,V242,의료비(급여부분),미분류,[],,미분류,,
1031,골덴하 증후군,Goldenhar syndrome,Q87.0,V185,의료비(급여부분),미분류,[],,미분류,,
1030,골드베르그-쉬프린첸 증후군,Goldberg-Shprintzen syndrome,없음,V900,의료비(급여부분),미분류,[],,미분류,,
1029,골수형성저하,Medullary hypoplasia,D61.9,V023,의료비(급여부분),미분류,[],,미분류,,
1028,골취약증,Osteopsathyrosis,Q78.0,V183,의료비(급여부분),미분류,[],,미분류,,
1028,골취약증,Fragilitas ossium,Q78.0,V183,의료비(급여부분),미분류,[],,미분류,,
1026,골츠 증후군,Goltz syndrome,Q82.8,V900,의료비(급여부분),신경과,"[""신경과"", ""안과"", ""피부과""]",en_product3_181.xml; en_product3_187.xml; en_product3_189.xml,리뷰필요,2092,Focal dermal hypoplasia
1025,골화석증,Osteopetrosis,Q78.2,V229,의료비(급여부분),미분류,[],,미분류,,
1024,공통가변성 무감마글로불린혈증,Common variable agammaglobulinaemia [CVAgamma],D80.1,V111,의료비(급여부분),미분류,[],,미분류,,
1023,관상골 및 척추의 성장결손을 동반한 기타 골연골형성이상,Other osteochondrodysplasia with defects of growth of tubular bones and spine,Q77.8,V228,의료비(급여부분),정형외과,"[""정형외과""]",manual_primary_whitelist:\bosteochondrodysplasia\b,분류완료,,
1022,관상골 및 척추의 성장결손을 동반한 상세불명의 골연골형성이상,"Osteochondrodysplasia with defects of growth of tubular bones and spine, unspecified",Q77.9,V228,의료비(급여부분),정형외과,"[""정형외과""]",manual_primary_whitelist:\bosteochondrodysplasia\b,분류완료,,
1021,관상동맥혈관의 기형,Malformation of coronary vessels,Q24.5,V148,의료비(급여부분),미분류,[],,미분류,,
1020,괴사성 호흡기육아종증,Necrotizing respiratory granulomatosis,M31.3,V135,의료비(급여부분),미분류,[],,미분류,,
1019,교차증후군,Cross syndrome,E70.3,V117,의료비(급여부분),신경과,"[""신경과"", ""안과"", ""치과/구강악안면외과"", ""피부과""]",en_product3_181.xml; en_product3_187.xml; en_product3_189.xml; en_product3_197.xml,리뷰필요,2719,"Oculocerebral hypopigmentation syndrome, Cross type"
1018,구리대사장애,Disorders of copper metabolism,E83.0,V119,의료비(급여부분),미분류,[],,미분류,,
1017,구조적 뇌 이상 및 얼굴이형성증을 동반한 신경발달 장애[RAC3 관련],Neurodevelopmental disorder with structural brain anomalies and dysmorphic facies[RAC3 related],없음,V900,의료비(급여부분),미분류,[],,미분류,,
1016,구축-발달지연-피에르 로빈 증후군(5장완23 미세결손 증후군),Contractures-developmental delay-Pierre Robin syndrome (5q23 microdeletion syndrome),없음,V900,의료비(급여부분),미분류,[],,미분류,,
1015,국소적 아밀로이드증,Localized amyloidosis,E85.4,V121,의료비(급여부분),미분류,[],,미분류,,
1014,굴지 형성이상,Campomelic dysplasia,Q87.1,V900,의료비(급여부분),정형외과,"[""정형외과"", ""내분비대사내과"", ""비뇨의학과"", ""산부인과/생식의학"", ""신경과""]",en_product3_181.xml; en_product3_185.xml; en_product3_193.xml; en_product3_199.xml; en_product3_205.xml,분류완료,140,Campomelic dysplasia
1013,굿패스처증후군,Goodpasture’s syndrome,M31.0,V135,의료비(급여부분),미분류,[],,미분류,,
1012,궤양성 (만성) 범결장염,Ulcerative (chronic) pancolitis,K51.0,V131,의료비(급여부분),미분류,[],,미분류,,
1011,궤양성 (만성) 직장염,Ulcerative (chronic) proctitis,K51.2,V131,의료비(급여부분),미분류,[],,미분류,,
1010,귓바퀴-관절돌기 증후군 2,Auriculo-condylar syndrome 2,없음,V900,의료비(급여부분),미분류,[],,미분류,,
1009,그레이혈소판증후군,Grey platelet syndrome,D69.1,V106,의료비(급여부분),미분류,[],,미분류,,
1008,근간대경련[헌트운동실조]을(를) 동반한 조기발병 소뇌성 운동실조,Early-onset cerebellar ataxia with myoclonus[Hunt’s ataxia],G11.1,V123,"의료비(급여부분), 간병비, 인공호흡기 및 기침유발기, 보조기기 구입비",신경과,"[""신경과""]",manual_primary_whitelist:\bataxia\b,분류완료,,
1007,근골격계통의 기타 선천기형,Other congenital malformations of musculoskeletal system,Q79.8,V155,의료비(급여부분),미분류,[],,미분류,,
1006,근골격계통의 상세불명의 선천기형,"Congenital malformation of musculoskeletal system, unspecified",Q79.9,V155,의료비(급여부분),미분류,[],,미분류,,
1005,근골격계통의 선천변형 NOS,Congenital deformity of musculoskeletal system NOS,Q79.9,V155,의료비(급여부분),미분류,[],,미분류,,
1004,근골격계통의 선천이상 NOS,Congenital anomaly of musculoskeletal system NOS,Q79.9,V155,의료비(급여부분),미분류,[],,미분류,,
1003,근긴장디스트로피[스타이너트],Dystrophia myotonica[Steinert],G71.1,V012,"의료비(급여부분), 간병비, 인공호흡기 및 기침유발기, 보조기기 구입비",미분류,[],,미분류,,
1002,근긴장이상을 동반한 고망간혈증,Hypermanganesemia with dystonia,없음,V900,의료비(급여부분),미분류,[],,미분류,,
1001,근긴장장애,Myotonic disorders,G71.1,V012,"의료비(급여부분), 간병비, 인공호흡기 및 기침유발기, 보조기기 구입비",미분류,[],,미분류,,
1000,근디스트로피,Muscular dystrophy,G71.0,V012,"의료비(급여부분), 간병비, 인공호흡기 및 기침유발기, 보조기기 구입비",신경과,"[""신경과""]",en_product3_181.xml,분류완료,98473,Muscular dystrophy
999,근병증을 동반한 전신경화증,Systemic sclerosis with myopathy,M34.8,V138,의료비(급여부분),미분류,[],,미분류,,
998,근병증을(를) 동반한 쉐그렌증후군,Sjogren’s syndrome with myopathy,M35.0,V139,의료비(급여부분),미분류,[],,미분류,,
997,근섬유의 특정 형태이상을 동반한 선천성 근디스트로피,Congenital muscular dystrophy with specific morphological abnormalities of the muscle fibre,G71.2,V012,"의료비(급여부분), 간병비, 인공호흡기 및 기침유발기, 보조기기 구입비",미분류,[],,미분류,,
996,근섬유형 불균형,Fibre-type disproportion,G71.2,V012,"의료비(급여부분), 간병비, 인공호흡기 및 기침유발기, 보조기기 구입비",미분류,[],,미분류,,
995,근세관성 (중심핵성) 근육병증,Myotubular (centronuclear) myopathy,G71.2,V012,"의료비(급여부분), 간병비, 인공호흡기 및 기침유발기, 보조기기 구입비",미분류,[],,미분류,,
994,근육의 결여,Absence of muscle,Q79.8,V155,의료비(급여부분),미분류,[],,미분류,,
993,근육카르니틴팔미틸트란스퍼레이스결핍,Muscle carnitine palmityltransferase deficiency,E71.3,V117,의료비(급여부분),미분류,[],,미분류,,
992,글라스증후군,Glass syndrome,없음,V900,의료비(급여부분),미분류,[],,미분류,,
991,글라이신대사장애,Disorders of glycine metabolism,E72.5,V117,"의료비(급여부분), 특수분유 및 저단백즉석밥",미분류,[],,미분류,,
990,글란즈만병,Glanzmann’s disease,D69.1,V106,의료비(급여부분),미분류,[],,미분류,,
989,글루타르산뇨,Glutaric aciduria,E72.3,V117,"의료비(급여부분), 특수분유 및 저단백즉석밥",미분류,[],,미분류,,
988,글리코젠축적병,Glycogen storage disease,E74.0,V117,"의료비(급여부분), 간병비, 인공호흡기 및 기침유발기, 보조기기 구입비, 옥수수전분",내분비대사내과,"[""내분비대사내과""]",en_product3_150.xml,분류완료,79201,Glycogen storage disease
987,글리코젠축적병 1b형 A,Glycogen storage disease 1b type A,E74.0,V117,"의료비(급여부분), 간병비, 인공호흡기 및 기침유발기, 보조기기 구입비, 옥수수전분",미분류,[],,미분류,,
986,글리코젠합성효소결핍,Glycogen synthase deficiency,E74.0,V117,"의료비(급여부분), 간병비, 인공호흡기 및 기침유발기, 보조기기 구입비, 옥수수전분",미분류,[],,미분류,,
985,급성 간헐성 (간성) 포르피린증,Acute intermittent(hepatic) porphyria,E80.2,V118,의료비(급여부분),미분류,[],,미분류,,
984,기관 또는 계통 침범을 동반한 전신홍반루푸스,Systemic lupus erythematosus with organ or system involvement,M32.1,V136,의료비(급여부분),미분류,[],,미분류,,
983,기관한정아밀로이드증,Organ-limited amyloidosis,E85.4,V121,의료비(급여부분),미분류,[],,미분류,,
982,기면병 및 탈력발작,Narcolepsy and cataplexy,G47.4,V234,의료비(급여부분),미분류,[],,미분류,,
981,기타 고페닐알라닌혈증,Other hyperphenylalaninaemias,E70.1,V117,"의료비(급여부분), 특수분유 및 저단백즉석밥",미분류,[],,미분류,,
980,기타 궤양성 대장염,Other ulcerative colitis,K51.8,V131,의료비(급여부분),미분류,[],,미분류,,
979,기타 뇌전증지속상태,Other status epilepticus,G41.8,V125,의료비(급여부분),신경과,"[""신경과""]",manual_primary_whitelist:뇌전증,분류완료,,
978,기타 명시된 다발경화증,Other specified multiple sclerosis,G35.8,V022,"의료비(급여부분), 간병비, 인공호흡기 및 기침유발기, 보조기기 구입비",미분류,[],,미분류,,
977,기타 및 복합부위의 사르코이드증,Sarcoidosis of other and combined sites,D86.8,V111,의료비(급여부분),미분류,[],,미분류,,
976,기타 뼈의 파젯병,Paget’s disease of other bones,M88.8,V213,의료비(급여부분),정형외과,"[""정형외과""]",manual_primary_whitelist:뼈의 파젯병,분류완료,,
975,기타 유전성 운동실조,Other hereditary ataxias,G11.8,V123,"의료비(급여부분), 간병비, 인공호흡기 및 기침유발기, 보조기기 구입비",신경과,"[""신경과""]",manual_primary_whitelist:운동실조,분류완료,,
974,기타 유전성 척수성 근위축,Other inherited spinal muscular atrophy,G12.1,V123,"의료비(급여부분), 간병비, 인공호흡기 및 기침유발기, 보조기기 구입비",미분류,[],,미분류,,
973,기타 응고인자의 유전성 결핍,Hereditary deficiency of other clotting factors,D68.2,V009,의료비(급여부분),미분류,[],,미분류,,
972,기타 척수성 근위축 및 관련 증후군,Other spinal muscular atrophies and related syndromes,G12.8,V123,"의료비(급여부분), 간병비, 인공호흡기 및 기침유발기, 보조기기 구입비",미분류,[],,미분류,,
971,기타 피부근염,Other dermatomyositis,M33.1,V137,의료비(급여부분),미분류,[],,미분류,,
970,기형을 동반한 범혈구감소증,Pancytopenia with malformations,D61.0,V023,의료비(급여부분),미분류,[],,미분류,,
969,긴 QT증후군,Long QT syndrome,I49.82,V296,의료비(급여부분),미분류,[],,미분류,,
968,긴장-간대성 뇌전증지속상태,Tonic-clonic status epilepticus,G41.0,V125,의료비(급여부분),신경과,"[""신경과""]",manual_primary_whitelist:뇌전증,분류완료,,
967,길랭-바레증후군,Guillain-Barré syndrome,G61.0,V126,"의료비(급여부분), 간병비, 인공호흡기 및 기침유발기, 보조기기 구입비",신경과,"[""신경과""]",en_product3_181.xml,분류완료,2103,Guillain-Barré syndrome
966,나팔꽃 증후군,Morning glory syndrome,Q14.2,V900,의료비(급여부분),안과,"[""안과""]",en_product3_189.xml,분류완료,35737,Morning glory disc anomaly
965,낙엽천포창,Pemphigus foliaceus,L10.2,V210,의료비(급여부분),피부과,"[""피부과""]",en_product3_187.xml,분류완료,79481,Pemphigus foliaceus
964,난청-뇌병증-유사 리이를 동반한 3-메틸클루타코닉 산뇨 (MEGDEL) 증후군,3-methylglutaconic aciduria with deafness-encephalopathy-Leigh-like(MEGDEL) syndrome,없음,V900,의료비(급여부분),미분류,[],,미분류,,
963,낭성 섬유증에서의 태변장폐색,Meconium ileus in cystic fibrosis,E84.1,V120,의료비(급여부분),미분류,[],,미분류,,
962,내연골종증,Enchondromatosis,Q78.4,V230,의료비(급여부분),미분류,[],,미분류,,
961,네말린근육병증,Nemaline myopathy,G71.2,V012,"의료비(급여부분), 간병비, 인공호흡기 및 기침유발기, 보조기기 구입비",미분류,[],,미분류,,
960,네젤로프증후군,Nezelof’s syndrome,D81.4,V111,의료비(급여부분),미분류,[],,미분류,,
959,넬슨증후군,Nelson’s syndrome,E24.1,V114,의료비(급여부분),미분류,[],,미분류,,
958,노년성 황반변성(삼출성),Senile macular degeneration (exudative),H35.31,V201,의료비(급여부분),안과,"[""안과""]",manual_primary_whitelist:\bmacular degeneration\b,분류완료,,
957,노리에병,Norrie disease,없음,V900,의료비(급여부분),안과,"[""신경과"", ""안과"", ""이비인후과""]",en_product3_181.xml; en_product3_189.xml; en_product3_200.xml,리뷰필요,649,Norrie disease
956,노출림프구증후군,Bare lymphocyte syndrome,D81.6,V111,의료비(급여부분),미분류,[],,미분류,,
955,뇌-폐-갑상선 증후군,Brain-lung-thyroid syndrome,없음,V900,의료비(급여부분),내분비대사내과,"[""내분비대사내과"", ""신경과"", ""호흡기내과""]",en_product3_181.xml; en_product3_184.xml; en_product3_193.xml,리뷰필요,209905,Brain-lung-thyroid syndrome
954,뇌간(∼의) 다발경화증,Multiple sclerosis (of) brain stem,G35,V022,"의료비(급여부분), 간병비, 인공호흡기 및 기침유발기, 보조기기 구입비",미분류,[],,미분류,,
953,뇌전증 소발작지속상태,Epileptic absence status,G41.1,V125,의료비(급여부분),신경과,"[""신경과""]",manual_primary_whitelist:뇌전증,분류완료,,
952,뇌전증에 동반된 후천성 실어증(失語症)[란다우-클레프너],Acquired aphasia with epilepsy [Landau-Kleffner],F80.3,V256,의료비(급여부분),신경과,"[""신경과""]",manual_primary_whitelist:\bepilepsy\b,분류완료,,
951,뇌하수체 부신피질자극호르몬의 과다생산,Overproduction of pituitary ACTH,E24.0,V114,의료비(급여부분),미분류,[],,미분류,,
950,뇌하수체-의존 부신피질기능항진증,Pituitary-dependent hyperadrenocorticism,E24.0,V114,의료비(급여부분),미분류,[],,미분류,,
949,뇌하수체-의존 쿠싱병,Pituitary-dependent Cushing’s disease,E24.0,V114,의료비(급여부분),미분류,[],,미분류,,
948,뇌하수체의 양성 신생물,Benign neoplasm of pituitary gland,D35.2,V162,의료비(급여부분),미분류,[],,미분류,,
947,누난 증후군,Noonan syndrome,Q87.1,V158,의료비(급여부분),소아청소년과/의학유전학,"[""내분비대사내과"", ""산부인과/생식의학"", ""소아청소년과/의학유전학"", ""신경과"", ""신장내과"", ""심장내과/소아심장과"", ""안과"", ""정형외과"", ""피부과"", ""혈액종양내과""]",en_product3_146.xml; en_product3_148.xml; en_product3_181.xml; en_product3_187.xml; en_product3_188.xml; en_product3_189.xml; en_product3_193.xml; en_product3_198.xml; en_product3_199.xml; en_product3_201.xml; en_product3_202.xml,리뷰필요,648,Noonan syndrome
946,눈 근디스트로피,Ocular muscular dystrophy,G71.0,V012,"의료비(급여부분), 간병비, 인공호흡기 및 기침유발기, 보조기기 구입비",안과,"[""안과""]",,미분류,,
945,눈 운동 이상과 운동실조를 동반한 신경발달장애(FRMD5 관련),Neurodevelopmental disorder with eye movement abnormalities and ataxia(FRMD5 related),없음,V900,의료비(급여부분),신경과,"[""신경과"", ""안과""]",manual_primary_whitelist:\bataxia\b,분류완료,,
944,눈백색증,Ocular albinism,E70.3,V117,의료비(급여부분),안과,"[""안과""]",manual_primary_whitelist:\bocular albinism\b,분류완료,,
943,눈인두성 근디스트로피,Oculopharyngeal muscular dystrophy,G71.0,V012,"의료비(급여부분), 간병비, 인공호흡기 및 기침유발기, 보조기기 구입비",신경과,"[""신경과"", ""안과""]",en_product3_181.xml; en_product3_189.xml,분류완료,270,Oculopharyngeal muscular dystrophy
942,눈피부백색증,Oculocutaneous albinism,E70.3,V117,의료비(급여부분),피부과,"[""안과"", ""피부과""]",,미분류,,
941,니만-피크병,Niemann-Pick’s disease,E75.2,V117,의료비(급여부분),미분류,[],,미분류,,
940,니콜라이데스-바라이서 증후군,Nicolaides-Baraitser syndrome,없음,V900,의료비(급여부분),신경과,"[""신경과""]",en_product3_181.xml,분류완료,3051,Nicolaides-Baraitser syndrome
939,다골성 섬유성 형성이상,Polyostotic fibrous dysplasia,Q78.1,V154,의료비(급여부분),정형외과,"[""정형외과""]",en_product3_199.xml,분류완료,93276,Polyostotic fibrous dysplasia
938,"다낭성 신장, 보통염색체열성","Polycystic kidney, autosomal recessive",Q61.1,V264,의료비(급여부분),신장내과,"[""신장내과""]",manual_primary_whitelist:\bpolycystic kidney\b,분류완료,,
937,"다낭성 신장, 보통염색체우성","Polycystic kidney, autosomal dominant",Q61.2,V264,의료비(급여부분),신장내과,"[""신장내과""]",manual_primary_whitelist:\bpolycystic kidney\b,분류완료,,
936,"다낭성 신장, 영아형","Polycystic kidney, infantile type",Q61.1,V264,의료비(급여부분),신장내과,"[""신장내과""]",manual_primary_whitelist:\bpolycystic kidney\b,분류완료,,
935,다논 병,Danon disease,없음,V900,의료비(급여부분),내분비대사내과,"[""내분비대사내과"", ""신경과"", ""심장내과/소아심장과""]",en_product3_146.xml; en_product3_150.xml; en_product3_181.xml,분류완료,34587,Danon disease
934,다발경화증,Multiple sclerosis,G35,V022,"의료비(급여부분), 간병비, 인공호흡기 및 기침유발기, 보조기기 구입비",미분류,[],,미분류,,
933,다발경화증 NOS,Multiple sclerosis (of) NOS,G35,V022,"의료비(급여부분), 간병비, 인공호흡기 및 기침유발기, 보조기기 구입비",미분류,[],,미분류,,
932,다발계통의 평활근 기능이상 증후군,Multisystemic smooth muscle dysfunction syndrome(MSMDS),없음,V900,의료비(급여부분),미분류,[],,미분류,,
931,다발근염,Polymyositis,M33.2,V137,의료비(급여부분),류마티스내과/면역내과,"[""류마티스내과/면역내과"", ""신경과"", ""신장내과""]",en_product3_181.xml; en_product3_188.xml; en_product3_196.xml,분류완료,732,Polymyositis
930,다발미세이랑증,Polymicrogyria,Q04.3,V900,의료비(급여부분),미분류,[],,미분류,,
929,다발선천외골증,Multiple congenital exostoses,Q78.6,V242,의료비(급여부분),미분류,[],,미분류,,
928,다발선천이상-근긴장저하-발작 증후군,Multiple congenital anomalies-hypotonia-seizures syndrome,없음,V900,의료비(급여부분),내분비대사내과,"[""내분비대사내과"", ""신경과""]",en_product3_150.xml; en_product3_181.xml,리뷰필요,280633,Multiple congenital anomalies-hypotonia-seizures syndrome
927,다발성 골단 형성이상,Multiple epiphyseal dysplasia,Q77.3,V900,의료비(급여부분),미분류,[],,미분류,,
926,다발심 병,Multicore disease,G71.2,V012,"의료비(급여부분), 간병비, 인공호흡기 및 기침유발기, 보조기기 구입비",미분류,[],,미분류,,
925,다중심성 골용해-결정증-관절병증 [MONA],Multicentric osteolysis- nodulosis-arthropathy [MONA],없음,V900,의료비(급여부분),미분류,[],,미분류,,
924,다초점 섬유경화증,Multifocal fibrosclerosis,M35.5,V139,의료비(급여부분),미분류,[],,미분류,,
923,다초점 운동신경병증,Multifocal Motor Neuropathy,G61.8,V126,의료비(급여부분),신경과,"[""신경과""]",en_product3_181.xml,분류완료,641,Multifocal motor neuropathy
922,다케노우치-코사키 증후군,Takenouchi-Kosaki syndrome,없음,V900,의료비(급여부분),신경과,"[""신경과"", ""심장내과/소아심장과"", ""피부과"", ""혈액종양내과""]",en_product3_181.xml; en_product3_187.xml; en_product3_194.xml; en_product3_198.xml,리뷰필요,487796,Takenouchi-Kosaki syndrome
921,다형핵호중구의 기능장애,Functional disorders of polymorphonuclear neutrophils,D71,V109,의료비(급여부분),미분류,[],,미분류,,
920,단백질C결핍,Protein C deficiency,D68.5,V900,의료비(급여부분),미분류,[],,미분류,,
919,단백질S결핍,Protein S deficiency,D68.5,V900,의료비(급여부분),미분류,[],,미분류,,
918,단순 수포성 표피박리증,Epidermolysis bullosa simplex,Q81.0,V900,의료비(급여부분),피부과,"[""피부과""]",en_product3_187.xml,분류완료,304,Epidermolysis bullosa simplex
917,"단신, 시신경 위축 및 펠거-휴엣 이상 증후군","Short stature, optic atrophy and Pelger-Huët anomaly syndrome",없음,V900,의료비(급여부분),미분류,[],,미분류,,
916,단안증,Cyclopia,Q87.0,V185,의료비(급여부분),미분류,[],,미분류,,
915,단일심실,Single ventricle,Q20.4,V225,의료비(급여부분),미분류,[],,미분류,,
914,단일유전자성 홍반성루푸스,Monogenic lupus erythematosus,없음,V900,의료비(급여부분),미분류,[],,미분류,,
913,단풍시럽뇨병,Maple-syrup-urine disease,E71.0,V117,"의료비(급여부분), 특수분유 및 저단백즉석밥",내분비대사내과,"[""내분비대사내과"", ""신경과""]",en_product3_150.xml; en_product3_181.xml,분류완료,511,Maple syrup urine disease
912,단핵탐식세포의 조직구증,Histiocytoses of mononuclear phagocytes,D76.1,V110,의료비(급여부분),미분류,[],,미분류,,
911,달리 분류되지 않은 사립체 근육병증,"Mitochondrial myopathy, NEC",G71.3,V012,"의료비(급여부분), 간병비, 인공호흡기 및 기침유발기, 보조기기 구입비",미분류,[],,미분류,,
910,담관의 폐쇄,Atresia of bile ducts,Q44.2,V181,의료비(급여부분),미분류,[],,미분류,,
909,당단백질분해의 결손,Defects in glycoprotein degradation,E77.1,V117,의료비(급여부분),미분류,[],,미분류,,
908,대결절성 부신증식증,Macronodular adrenal hyperplasia,없음,V900,의료비(급여부분),미분류,[],,미분류,,
907,대뇌 크레아틴 결핍 증후군,Cerebral creatine deficiency syndrome,없음,V900,의료비(급여부분),내분비대사내과,"[""내분비대사내과"", ""신경과""]",en_product3_150.xml; en_product3_181.xml,분류완료,79172,Creatine deficiency syndrome
906,대뇌-안구-치아-귀-골격 이상 증후군 [CODAS 증후군],Cerebral-ocular-dental-auricular-skeletal anomaly syndrome [CODAS syndrome],없음,V900,의료비(급여부분),미분류,[],,미분류,,
905,대뇌건의 콜레스테롤증[밴보게르트-쉐러-엡스타인],Cerebrotendinous cholesterosis [van Bogaert-Scherer-Epstein],E75.5,V117,의료비(급여부분),미분류,[],,미분류,,
904,대동맥궁증후군[다카야스],Aortic arch syndrome [Takayasu],M31.4,V135,의료비(급여부분),미분류,[],,미분류,,
903,대동맥의 우측전위,Dextrotransposition of aorta,Q20.3,V144,의료비(급여부분),미분류,[],,미분류,,
902,대동맥의 축착,Coarctation of aorta,Q25.1,V272,의료비(급여부분),심장내과/소아심장과,"[""심장내과/소아심장과""]",en_product3_148.xml; en_product3_198.xml,분류완료,1457,Coarctation of aorta
901,"대동맥의 축착(관전, 관후)","Coarctation of aorta (preductal, postductal)",Q25.1,V272,의료비(급여부분),미분류,[],,미분류,,
900,대동맥의 폐쇄,Atresia of aorta,Q25.2,V272,의료비(급여부분),미분류,[],,미분류,,
899,대동맥의 협착,Stenosis of aorta,Q25.3,V272,의료비(급여부분),미분류,[],,미분류,,
898,대동맥중격결손,Aortic septal defect,Q21.4,V269,의료비(급여부분),미분류,[],,미분류,,
897,대동맥판 및 승모판의 기타 선천기형,Other congenital malformations of aortic and mitral valves,Q23.8,V147,의료비(급여부분),심장내과/소아심장과,"[""심장내과/소아심장과""]",manual_primary_whitelist:승모판,분류완료,,
896,대동맥판 및 승모판의 상세불명의 선천기형,"Congenital malformation of aortic and mitral valves, unspecified",Q23.9,V147,의료비(급여부분),심장내과/소아심장과,"[""심장내과/소아심장과""]",manual_primary_whitelist:승모판,분류완료,,
895,대동맥판의 선천성 기능부전,Congenital insufficiency of aortic valve,Q23.1,V147,의료비(급여부분),미분류,[],,미분류,,
894,대동맥판의 선천협착,Congenital stenosis of aortic valve,Q23.0,V147,의료비(급여부분),미분류,[],,미분류,,
893,대동맥폐동맥중격결손,Aortopulmonary septal defect,Q21.4,V269,의료비(급여부분),미분류,[],,미분류,,
892,대동맥폐동맥창,Aortopulmonary window,Q21.4,V269,의료비(급여부분),미분류,[],,미분류,,
891,대발작 뇌전증지속상태,Grand mal status epilepticus,G41.0,V125,의료비(급여부분),신경과,"[""신경과""]",manual_primary_whitelist:뇌전증,분류완료,,
890,대장의 크론병,Crohn’s disease of large intestine,K50.1,V130,의료비(급여부분),미분류,[],,미분류,,
889,대정맥의 선천성 협착,Congenital stenosis of vena cava,Q26.0,V150,의료비(급여부분),미분류,[],,미분류,,
888,대혈관의 (완전)전위,Transposition of great vessels (complete),Q20.3,V144,의료비(급여부분),미분류,[],,미분류,,
887,댄디-워커증후군,Dandy-Walker syndrome,Q03.1,V239,의료비(급여부분),미분류,[],,미분류,,
886,데니스-드래쉬 증후군,Denys-Drash syndrome,없음,V900,의료비(급여부분),신장내과,"[""신장내과"", ""내분비대사내과"", ""비뇨의학과"", ""산부인과/생식의학"", ""혈액종양내과""]",en_product3_185.xml; en_product3_188.xml; en_product3_193.xml; en_product3_202.xml; en_product3_205.xml,분류완료,220,Denys-Drash syndrome
885,데제린-소타스병,Déjerine-Sottas disease,G60.0,V169,"의료비(급여부분), 인공호흡기 및 기침유발기",미분류,[],,미분류,,
884,델타-베타지중해빈혈,Delta-beta thalassaemia,D56.2,V232,의료비(급여부분),미분류,[],,미분류,,
883,돌발성 운동유발 이상운동,Paroxysmal kinesigenic dyskinesia[PKD],G24.8,V900,의료비(급여부분),미분류,[],,미분류,,
882,동맥간존속,Persistent truncus arteriosus,Q20.0,V144,의료비(급여부분),심장내과/소아심장과,"[""심장내과/소아심장과""]",en_product3_148.xml,분류완료,3384,Common arterial trunk
881,"동안실행증(失行症), 코간형","Ocular motor apraxia, Cogan type",H51.8,V900,의료비(급여부분),안과,"[""안과""]",en_product3_189.xml,분류완료,1125,"Ocular motor apraxia, Cogan type"
880,"동인자(Xq)를 제외한 이상 성염색체를 가진 핵형46, X","Karyotype 46, X with abnormal sex chromosome, except iso(Xq)",Q96.2,V021,의료비(급여부분),미분류,[],,미분류,,
879,동형접합성 가족성 고콜레스테롤혈증,Homozygous familial hypercholesterolemia,E78.00,V900,의료비(급여부분),내분비대사내과,"[""내분비대사내과""]",en_product3_150.xml; en_product3_193.xml,분류완료,391665,Homozygous familial hypercholesterolemia
878,두개골간단형성부전증,Craniometaphyseal dysplasia,없음,V900,의료비(급여부분),정형외과,"[""정형외과""]",en_product3_199.xml,분류완료,1522,Craniometaphyseal dysplasia
877,두개골유합,Craniosynostosis,Q75.0,V265,의료비(급여부분),정형외과,"[""정형외과""]",en_product3_199.xml,분류완료,1531,Craniosynostosis
876,두개골의 불완전유합,Imperfect fusion of skull,Q75.0,V265,의료비(급여부분),미분류,[],,미분류,,
875,두개골의 파젯병,Paget’s disease of skull,M88.0,V213,의료비(급여부분),미분류,[],,미분류,,
874,두개안면골이골증,Craniofacial dysostosis,Q75.1,V151,의료비(급여부분),미분류,[],,미분류,,
873,두보위츠 증후군,Dubowitz syndrome,Q87.1,V158,의료비(급여부분),신경과,"[""신경과"", ""안과"", ""정형외과"", ""피부과""]",en_product3_181.xml; en_product3_187.xml; en_product3_189.xml; en_product3_199.xml,리뷰필요,235,Dubowitz syndrome
872,"뒤쉔 또는 베커와 유사한 보통염색체열성, 소아형 근디스트로피","Autosomal recessive, childhood type, resembling Duchenne or Becker muscular dystrophy",G71.0,V012,"의료비(급여부분), 간병비, 인공호흡기 및 기침유발기, 보조기기 구입비",미분류,[],,미분류,,
871,드 랑즈 증후군,De Lange syndrome,Q87.1,V158,의료비(급여부분),미분류,[],,미분류,,
870,드라베 증후군,Dravet syndrome,G40.30,V900,의료비(급여부분),신경과,"[""신경과""]",en_product3_181.xml,분류완료,33069,Dravet syndrome
869,드뷔쿠아 형성이상,Desbuquois dysplasia,없음,V900,의료비(급여부분),정형외과,"[""정형외과"", ""안과""]",en_product3_189.xml; en_product3_199.xml,분류완료,1425,Desbuquois syndrome
868,디스트로피성 수포성 표피박리증,Epidermolysis bullosa dystrophica,Q81.2,V184,의료비(급여부분),피부과,"[""피부과""]",en_product3_187.xml,분류완료,303,Dystrophic epidermolysis bullosa
867,디스트로피성 형성이상,Dystrophic dysplasia,Q77.5,V228,의료비(급여부분),미분류,[],,미분류,,
866,디죠지증후군,Di George’s syndrome,D82.1,V111,의료비(급여부분),미분류,[],,미분류,,
865,떨림마비,Paralysis agitans,G20,V124,의료비(급여부분),미분류,[],,미분류,,
864,라르센 증후군,Larsen’s syndrome,Q74.8,V900,의료비(급여부분),미분류,[],,미분류,,
863,라만 증후군[태튼-브라운-라만 증후군],Rahman syndrome [Tatton-Brown-Rahman syndrome],없음,V900,의료비(급여부분),미분류,[],,미분류,,
862,라스무센 뇌염,Rasmussen encephalitis,G04.8,V900,의료비(급여부분),미분류,[],,미분류,,
861,라이소솜효소의 번역후 수정의 결손,Defects in post-translational modification of lysosomal enzymes,E77.0,V117,의료비(급여부분),미분류,[],,미분류,,
860,라이신 및 하이드록시라이신 대사장애,Disorders of lysine and hydroxylysine metabolism,E72.3,V117,"의료비(급여부분), 특수분유 및 저단백즉석밥",미분류,[],,미분류,,
859,람베르트-이튼증후군,Lambert-Eaton syndrome,G73.1,V259,의료비(급여부분),미분류,[],,미분류,,
858,랑거 기드온 증후군,Langer-Giedion syndrome,없음,V900,의료비(급여부분),신경과,"[""신경과"", ""정형외과"", ""피부과""]",en_product3_181.xml; en_product3_187.xml; en_product3_199.xml,리뷰필요,502,Trichorhinophalangeal syndrome type 2
857,랑뒤-오슬러-웨버병,Rendu-Osler-Weber disease,I78.0,V235,의료비(급여부분),류마티스내과/면역내과,"[""류마티스내과/면역내과"", ""소화기내과"", ""신경과"", ""심장내과/소아심장과"", ""안과"", ""피부과"", ""호흡기내과""]",en_product3_181.xml; en_product3_183.xml; en_product3_184.xml; en_product3_187.xml; en_product3_189.xml; en_product3_196.xml; en_product3_198.xml,리뷰필요,774,Hereditary hemorrhagic telangiectasia
856,램-셰이퍼 증후군,Lamb-Shaffer Syndrome,없음,V900,의료비(급여부분),신경과,"[""신경과""]",en_product3_181.xml,분류완료,530983,Lamb-Shaffer syndrome
855,러셀-실버 증후군,Russel-Silver syndrome,Q87.1,V158,의료비(급여부분),미분류,[],,미분류,,
854,레녹스-가스토증후군,Lennox-Gastaut syndrome,G40.4,V233,의료비(급여부분),신경과,"[""신경과""]",en_product3_181.xml,분류완료,2382,Lennox-Gastaut syndrome
853,레리-웨일 증후군,Leri-Weill syndrome,Q77.8,V900,의료비(급여부분),정형외과,"[""정형외과""]",en_product3_199.xml,분류완료,240,Léri-Weill dyschondrosteosis
852,레버 선천성 흑암시,Leber’s congenital amaurosis,H35.59,V209,의료비(급여부분),안과,"[""안과""]",,미분류,,
851,레버 유전성 시신경병증,Leber’s hereditary optic neuropathy,H47.2,V900,의료비(급여부분),안과,"[""안과""]",manual_primary_whitelist:\boptic neuropath(y|ies)\b,분류완료,,
850,레쉬-니한증후군,Lesch-Nyhan syndrome,E79.1,V221,의료비(급여부분),내분비대사내과,"[""내분비대사내과"", ""신경과"", ""신장내과"", ""혈액종양내과""]",en_product3_150.xml; en_product3_181.xml; en_product3_188.xml; en_product3_194.xml,리뷰필요,510,Lesch-Nyhan syndrome
849,레이노-클라스 증후군,Raynaud-Claes syndrome,없음,V900,의료비(급여부분),신경과,"[""신경과""]",en_product3_181.xml,분류완료,485350,CLCN4-related X-linked intellectual disability syndrome
848,레지우스 증후군,Legius syndrome,없음,V900,의료비(급여부분),피부과,"[""피부과"", ""신경과""]",en_product3_181.xml; en_product3_187.xml,분류완료,137605,Legius syndrome
847,레트증후군,Rett’s syndrome,F84.2,V122,"의료비(급여부분), 간병비",미분류,[],,미분류,,
846,렌즈소안구증후군,Lenz microphthalmia syndrome,Q11.2,V900,의료비(급여부분),안과,"[""안과""]",,미분류,,
845,로렌스-문(-바르데)-비들 증후군,Laurence-Moon(-Bardet)-Biedl syndrome,Q87.8,V267,의료비(급여부분),미분류,[],,미분류,,
844,로베증후군,Lowe’s syndrome,E72.0,V117,의료비(급여부분),미분류,[],,미분류,,
843,로비노-실버만-스미스 증후군,Robinow-Silverman-Smith syndrome,Q87.1,V158,의료비(급여부분),신경과,"[""신경과"", ""정형외과""]",en_product3_181.xml; en_product3_199.xml,리뷰필요,97360,Robinow syndrome
842,로빈 증후군,Robin syndrome,Q87.0,V185,의료비(급여부분),미분류,[],,미분류,,
841,로이-디에츠 증후군,Loeys-Dietz syndrome,없음,V900,의료비(급여부분),류마티스내과/면역내과,"[""류마티스내과/면역내과"", ""심장내과/소아심장과"", ""정형외과""]",en_product3_196.xml; en_product3_198.xml; en_product3_199.xml,분류완료,60030,Loeys-Dietz syndrome
840,로트문드(-톰슨) 증후군,Rothmund(-Thomson) syndrome,Q82.8,V900,의료비(급여부분),피부과,"[""안과"", ""피부과"", ""혈액종양내과""]",en_product3_187.xml; en_product3_189.xml,리뷰필요,2909,Rothmund-Thomson syndrome
839,로하드 증후군,ROHHAD syndrorme,없음,V900,의료비(급여부분),미분류,[],,미분류,,
838,뢰플러심내막염,Loffler’s endocarditis,I42.3,V127,의료비(급여부분),미분류,[],,미분류,,
837,루빈스타인-테이비 증후군,Rubinstein-Taybi syndrome,Q87.2,V243,의료비(급여부분),내분비대사내과,"[""내분비대사내과"", ""신경과"", ""신장내과"", ""안과"", ""정형외과"", ""혈액종양내과""]",en_product3_181.xml; en_product3_188.xml; en_product3_189.xml; en_product3_193.xml; en_product3_199.xml; en_product3_202.xml,리뷰필요,783,Rubinstein-Taybi syndrome
836,루스칸-루미쉬 증후군,Luscan-lumish syndrome,없음,V900,의료비(급여부분),신경과,"[""신경과"", ""정형외과""]",en_product3_181.xml; en_product3_199.xml,리뷰필요,597738,Luscan-Lumish syndrome
835,루시-레비증후군,Roussy-Lévy syndrome,G60.0,V169,"의료비(급여부분), 인공호흡기 및 기침유발기",신경과,"[""신경과""]",en_product3_181.xml,분류완료,3115,Roussy-Lévy syndrome
834,루푸스 심장낭염,Lupus pericarditis,M32.1,V136,의료비(급여부분),미분류,[],,미분류,,
833,류마티스성 다발근통,Polymyalgia rheumatica,M35.3,V139,의료비(급여부분),미분류,[],,미분류,,
832,류마티스인자가 있거나 없는 연소성 류마티스관절염,Juvenile rheumatoid arthritis with or without rheumatoid factor,M08.0,V133,의료비(급여부분),미분류,[],,미분류,,
831,리-프라우메니 증후군,Li-Fraumeni Syndrome,없음,V900,의료비(급여부분),혈액종양내과,"[""혈액종양내과"", ""내분비대사내과"", ""신경과""]",en_product3_181.xml; en_product3_193.xml; en_product3_202.xml,분류완료,524,Li-Fraumeni syndrome
830,리브만-삭스병,Libman-Sacks disease,M32.1,V136,의료비(급여부분),미분류,[],,미분류,,
829,림프구기능항원-1결손,Lymphocyte function antigen-1[LFA-1] defect,D84.0,V111,의료비(급여부분),미분류,[],,미분류,,
828,림프절의 사르코이드증,Sarcoidosis of lymph nodes,D86.1,V111,의료비(급여부분),미분류,[],,미분류,,
827,림프절의 사르코이드증을 동반한 폐의 사르코이드증,Sarcoidosis of lung with sarcoidosis of lymph nodes,D86.2,V111,의료비(급여부분),미분류,[],,미분류,,
826,마노스축적증,Mannosidosis,E77.1,V117,의료비(급여부분),미분류,[],,미분류,,
825,마로토-라미 (경도)(중증) 증후군,Maroteaux-Lamy (mild)(severe) syndrome,E76.2,V117,"의료비(급여부분), 간병비, 인공호흡기 및 기침유발기, 보조기기 구입비",미분류,[],,미분류,,
824,마르케사니-바일 증후군 [바일-마르케사니 증후군],Marchesani-weill-syndrome [Weill-marchesani syndrome],Q87.0,V900,의료비(급여부분),미분류,[],,미분류,,
823,마르팡증후군,Marfan’s syndrome,Q87.4,V186,의료비(급여부분),미분류,[],,미분류,,
822,마이어 로키탄스키 쿠스터 하우저 증후군,Mayer-Rokitansky-Kuster Hauser (MRKH) syndrome,없음,V900,의료비(급여부분),미분류,[],,미분류,,
821,마이어 증후군,Myhre syndrome,없음,V900,의료비(급여부분),신경과,"[""신경과"", ""정형외과""]",en_product3_181.xml; en_product3_199.xml,리뷰필요,2588,Myhre syndrome
820,마푸치증후군,Maffucci’s syndrome,Q78.4,V230,의료비(급여부분),미분류,[],,미분류,,
819,"막증식성 사구체신염, 1형, 3형 또는 NOS를 동반한 신증후군","Nephrotic syndrome with membranoproliferative glomerulonephritis, types 1 and 3, or NOS",N04.5,V263,의료비(급여부분),미분류,[],,미분류,,
818,"막증식성 사구체신염, 2형을 동반한 신증후군","Nephrotic syndrome with membranoproliferative glomerulonephritis, type 2",N04.6,V263,의료비(급여부분),미분류,[],,미분류,,
817,만기발병 소뇌성 운동실조(발병은 보통 20세 이후),Late-onset cerebellar ataxia(Onset usually after the age of 20),G11.2,V123,"의료비(급여부분), 간병비, 인공호흡기 및 기침유발기, 보조기기 구입비",신경과,"[""신경과""]",manual_primary_whitelist:\bataxia\b,분류완료,,
816,만발성 척추골단형성이상,Spondyloepiphyseal dysplasia tarda,Q77.7,V228,의료비(급여부분),정형외과,"[""정형외과""]",en_product3_199.xml,분류완료,93284,Spondyloepiphyseal dysplasia tarda
815,만성 (소아기) 육아종성 질환,Chronic (childhood) granulomatous disease,D71,V109,의료비(급여부분),미분류,[],,미분류,,
814,만성 신장병,Chronic kidney disease,N18,V001,의료비(급여부분),신장내과,"[""신장내과""]",manual_primary_whitelist:\bchronic kidney disease\b,분류완료,,
813,만성 연소성 다발관절염,Chronic juvenile polyarthritis,M08.3,V133,의료비(급여부분),미분류,[],,미분류,,
812,만성 염증성 탈수초성 다발신경병증,Chronic inflammatory demyelinating polyneuropathy,G61.8,V126,의료비(급여부분),신경과,"[""신경과""]",en_product3_181.xml,분류완료,2932,Chronic inflammatory demyelinating polyneuropathy
811,만성 진행성 외안근마비,Chronic progressive external ophthalmoplegia,H49.4,V900,의료비(급여부분),안과,"[""안과""]",,미분류,,
810,만성 후천성 순수적혈구무형성,Chronic acquired pure red cell aplasia,D60.0,V023,의료비(급여부분),미분류,[],,미분류,,
809,말단비대증 및 뇌하수체거인증,Acromegaly and pituitary gigantism,E22.0,V112,의료비(급여부분),미분류,[],,미분류,,
808,말단비대증과 관련된 관절병증,Arthropathy associated with acromegaly,E22.0,V112,의료비(급여부분),미분류,[],,미분류,,
807,말단왜소 형성이상,Acromicric dysplasia,Q77.8,V228,의료비(급여부분),정형외과,"[""정형외과""]",en_product3_199.xml,분류완료,969,Acromicric dysplasia
806,말단이골증,Acrodysostosis,없음,V900,의료비(급여부분),정형외과,"[""정형외과"", ""신경과"", ""이비인후과"", ""치과/구강악안면외과""]",en_product3_181.xml; en_product3_199.xml; en_product3_200.xml; en_product3_209.xml,분류완료,950,Acrodysostosis
805,말란 증후군,Malan syndrome,없음,V900,의료비(급여부분),미분류,[],,미분류,,
804,말린자두배증후군,Prune belly syndrome,Q79.4,V155,의료비(급여부분),비뇨의학과,"[""비뇨의학과"", ""신장내과""]",en_product3_185.xml; en_product3_188.xml,리뷰필요,2970,Prune belly syndrome
803,"망막 디스트로피, 시신경 부종, 비장비대, 무한증, 두통 증후군 [ROSAH 증후군]","Retinal dystrophy, Optic nerve edema, Splenomegaly, Anhidrosis, Headache syndrome [ROSAH syndrome]",없음,V900,의료비(급여부분),안과,"[""안과""]",manual_primary_whitelist:\bretinal dystroph(y|ies)\b,분류완료,,
802,맥락막결손,Choroideremia,H31.2,V295,의료비(급여부분),안과,"[""안과""]",en_product3_189.xml,분류완료,180,Choroideremia
801,맥아들병,McArdle’s disease,E74.0,V117,"의료비(급여부분), 간병비, 인공호흡기 및 기침유발기, 보조기기 구입비",미분류,[],,미분류,,
800,메발론산 키나아제 결핍 [고면역글로불린D증후군],Mevalonate kinase deficiency [Hyperimmunoglobulin D syndrome],없음,V900,의료비(급여부분),미분류,[],,미분류,,
799,메이어-고린 증후군,Meier-Gorlin syndrome,없음,V900,의료비(급여부분),신경과,"[""신경과"", ""정형외과""]",en_product3_181.xml; en_product3_199.xml,리뷰필요,2554,Ear-patella-short stature syndrome
798,메켈증후군,Meckel syndrome,Q61.9,V900,의료비(급여부분),신경과,"[""신경과"", ""신장내과"", ""안과"", ""이비인후과"", ""정형외과"", ""치과/구강악안면외과""]",en_product3_181.xml; en_product3_188.xml; en_product3_189.xml; en_product3_199.xml; en_product3_200.xml; en_product3_209.xml,리뷰필요,564,Meckel syndrome
797,메타이오닌혈증,Methioninaemia,E72.1,V117,"의료비(급여부분), 특수분유 및 저단백즉석밥",미분류,[],,미분류,,
796,메틸말론산혈증,Methylmalonic acidaemia,E71.1,V117,"의료비(급여부분), 특수분유 및 저단백즉석밥",미분류,[],,미분류,,
795,멘케스(꼬인모발)( 강모)병,Menkes (kinky hair)(steely hair) disease,E83.0,V119,의료비(급여부분),미분류,[],,미분류,,
794,멜라스증후군,Melas syndrome,G71.3,V012,"의료비(급여부분), 인공호흡기 및 기침유발기",미분류,[],,미분류,,
793,멜커슨증후군,Melkersson’s syndrome,G51.2,V167,의료비(급여부분),미분류,[],,미분류,,
792,멜케르손-로젠탈증후군,Melkersson-Rosenthal syndrome,G51.2,V167,의료비(급여부분),피부과,"[""피부과""]",en_product3_187.xml,분류완료,2483,Melkersson-Rosenthal syndrome
791,"면역결핍, 발달지연, 저호모시스테인혈증","Immunodeficiency, developmental delay, and hypohomocysteinemia",없음,V900,의료비(급여부분),미분류,[],,미분류,,
790,면역결핍을 동반한 흉선무형성 또는 형성저하,Thymic aplasia or hypoplasia with immunodeficiency,D82.1,V111,의료비(급여부분),미분류,[],,미분류,,
789,면역글로불린A의 선택적 결핍,Selective deficiency of immunoglobulin A[IgA],D80.2,V111,의료비(급여부분),미분류,[],,미분류,,
788,면역글로불린G 서브클래스의 선택적 결핍,Selective deficiency of immunoglobulin G [IgG] subclasses,D80.3,V111,의료비(급여부분),미분류,[],,미분류,,
787,면역글로불린M의 선택적 결핍,Selective deficiency of immunoglobulin M[IgM],D80.4,V111,의료비(급여부분),미분류,[],,미분류,,
786,면역글로불린M의 증가를 동반한 면역결핍,Immunodeficiency with increased immunoglobulin M[IgM],D80.5,V111,의료비(급여부분),미분류,[],,미분류,,
785,면역글로불린을 지닌 B-림프구가 있는 무감마글로불린혈증,Agammaglobulinaemia with immunoglobulin-bearing B-lymphocytes,D80.1,V111,의료비(급여부분),미분류,[],,미분류,,
784,면역글로블린 G4 관련 질환,Immunoglobulin G4-related disease,없음,V900,의료비(급여부분),미분류,[],,미분류,,
783,모낭성비늘증-탈모증-눈부심 증후군,Ichthyosis follicularis-alopecia-photophobia syndrome,없음,V900,의료비(급여부분),피부과,"[""안과"", ""피부과""]",en_product3_187.xml,분류완료,2273,Ichthyosis follicularis-alopecia-photophobia syndrome
782,모노아민 산화효소결핍,Monoamine oxidase deficiency syndrome,없음,V900,의료비(급여부분),미분류,[],,미분류,,
781,모르키오 (-유사)(고전적) 증후군,Morquio(-like)(classic) syndrome,E76.2,V117,"의료비(급여부분), 간병비, 인공호흡기 및 기침유발기, 보조기기 구입비",미분류,[],,미분류,,
780,모세혈관외 사구체신염을 동반한 신증후군,Nephrotic syndrome with extracapillary glomerulonephritis,N04.7,V263,의료비(급여부분),미분류,[],,미분류,,
779,모세혈관확장성 운동실조[루이-바],Ataxia telangiectasia[Louis-bar],G11.3,V123,"의료비(급여부분), 간병비, 인공호흡기 및 기침유발기, 보조기기 구입비",신경과,"[""신경과""]",manual_primary_whitelist:\bataxia\b,분류완료,,
778,모야모야병,Moyamoya disease,I67.5,V128,의료비(급여부분),신경과,"[""신경과""]",en_product3_181.xml,분류완료,2573,Moyamoya disease
777,모왓-윌슨 증후군,Mowat-Wilson syndrome,Q87.8,V900,의료비(급여부분),미분류,[],,미분류,,
776,모자이크성 다양한 이수성 증후군1,Mosaic variegated aneuploidy syndrome 1,없음,V900,의료비(급여부분),미분류,[],,미분류,,
775,몰리브데넘 조효소 결핍,Molybdenum cofactor deficiency,없음,V900,의료비(급여부분),미분류,[],,미분류,,
774,뫼비우스 증후군,Moebius syndrome,Q87.0,V185,의료비(급여부분),신경과,"[""신경과"", ""안과"", ""치과/구강악안면외과""]",en_product3_181.xml; en_product3_189.xml; en_product3_209.xml,리뷰필요,570,Moebius syndrome
773,무과립구성 안지나,Agranulocytic angina,D70,V108,의료비(급여부분),미분류,[],,미분류,,
772,무과립구증,Agranulocytosis,D70,V108,의료비(급여부분),미분류,[],,미분류,,
771,무뇌수두증,Hydranencephaly,Q04.3,V900,의료비(급여부분),신경과,"[""신경과""]",en_product3_181.xml,분류완료,2177,Hydranencephaly
770,무뇌이랑증,Agyria of brain,Q04.3,V214,의료비(급여부분),미분류,[],,미분류,,
769,"무루증, 이완불능증, 지적발달장애 증후군","Alacrima, achalasia, and impaired intellectual development syndrome",없음,V900,의료비(급여부분),미분류,[],,미분류,,
768,무비증 또는 다비증을 동반한 심방 부속물의 이성질현상,Isomerism of atrial appendages with asplenia or polysplenia,Q20.6,V900,의료비(급여부분),미분류,[],,미분류,,
767,무설증(無舌症),Aglossia,Q38.3,V241,의료비(급여부분),미분류,[],,미분류,,
766,무한증을 동반한 선천성 통증 무감각증,Congenital insensitivity to pain with anhidrosis (CIPA),없음,V900,의료비(급여부분),미분류,[],,미분류,,
765,무홍채증,Aniridia,Q13.1,V900,의료비(급여부분),안과,"[""안과""]",manual_primary_whitelist:\baniridia\b,분류완료,,
764,무홍채증-소뇌성운동실조-정신박약,Aniridia-cerebellar ataxia-mental deficiency,없음,V900,의료비(급여부분),안과,"[""신경과"", ""안과""]",manual_primary_whitelist:\baniridia\b,분류완료,,
763,문맥-간동맥루,Portal vein-hepatic artery fistula,Q26.6,V150,의료비(급여부분),미분류,[],,미분류,,
762,문맥결합이상,Anomalous portal venous connection,Q26.5,V150,의료비(급여부분),미분류,[],,미분류,,
761,뮤코지질증 Ⅳ,Mucolipidosis Ⅳ,E75.1,V117,의료비(급여부분),미분류,[],,미분류,,
760,뮤코지질증Ⅱ[Ⅰ-세포병],Mucolipidosis Ⅱ[Ⅰ-cell disease],E77.0,V117,의료비(급여부분),미분류,[],,미분류,,
759,뮤코지질증Ⅲ[거짓헐러다발이상증],Mucolipidosis Ⅲ [Pseudo-Hurler polydystrophy],E77.0,V117,의료비(급여부분),미분류,[],,미분류,,
758,미만성 막성 사구체신염을 동반한 신증후군,Nephrotic syndrome with diffuse membranous glomerulonephritis,N04.2,V263,의료비(급여부분),미분류,[],,미분류,,
757,미만성 메산지음 모세혈관성 사구체신염을 동반한 신증후군,Nephrotic syndrome with diffuse mesangiocapillary glomerulonephritis,N04.5,V263,의료비(급여부분),미분류,[],,미분류,,
756,미만성 메산지음 증식성 사구체신염을 동반한 신증후군,Nephrotic syndrome with diffuse mesangial proliferative glomerulonephritis,N04.3,V263,의료비(급여부분),미분류,[],,미분류,,
755,미만성 모세혈관내 증식성 사구체신염을 동반한 신증후군,Nephrotic syndrome with diffuse endocapillary proliferative glomerulonephritis,N04.4,V263,의료비(급여부분),미분류,[],,미분류,,
754,미만성 반월형 사구체신염을 동반한 신증후군,Nephrotic syndrome with diffuse crescentic glomerulonephritis,N04.7,V263,의료비(급여부분),미분류,[],,미분류,,
753,미만성 폐림프관종증,Diffuse pulmonary lymphangiomatosis,없음,V900,의료비(급여부분),미분류,[],,미분류,,
752,미만성(호산구성) 근막염,Diffuse(eosinophilic) fasciitis,M35.4,V139,의료비(급여부분),미분류,[],,미분류,,
751,미세심 병,Minicore disease,G71.2,V012,"의료비(급여부분), 간병비, 인공호흡기 및 기침유발기, 보조기기 구입비",미분류,[],,미분류,,
750,미세증후군 [와버그 미세증후군],Micro syndrome [Warburg micro syndrome],없음,V900,의료비(급여부분),미분류,[],,미분류,,
749,밀러-디커 증후군,Miller-Dieker syndrome,Q04.3,V900,의료비(급여부분),신경과,"[""신경과""]",en_product3_181.xml,분류완료,531,Miller-Dieker syndrome
748,밀러휘셔증후군,Miller Fisher Syndrome,G61.0,V126,의료비(급여부분),신경과,"[""신경과""]",en_product3_181.xml,분류완료,98919,Miller Fisher syndrome
747,바라이서-윈터증후군,Baraitser-Winter syndrome,없음,V900,의료비(급여부분),미분류,[],,미분류,,
746,바르덴브르그 증후군 (백색증을 동반한),Waardenburg’s syndrome (with albinism),E70.3,V117,의료비(급여부분),미분류,[],,미분류,,
745,바이스-크루슈카 증후군,Weiss-Kruszka syndrome,없음,V900,의료비(급여부분),신경과,"[""신경과"", ""안과""]",en_product3_181.xml; en_product3_189.xml,리뷰필요,502430,Weiss-Kruszka Syndrome
744,바이오틴-의존카복실레이스결핍,Biotin-dependent carboxylase deficiency,D81.8,V111,의료비(급여부분),미분류,[],,미분류,,
743,바터 증후군,VATER syndrome,Q87.2,V243,의료비(급여부분),미분류,[],,미분류,,
742,바터증후군,Bartter’s syndrome,E26.8,V254,의료비(급여부분),미분류,[],,미분류,,
741,바텐병,Batten’s disease,E75.4,V117,의료비(급여부분),미분류,[],,미분류,,
740,발달성 및 뇌전증성 뇌병증 31,Developmental and epileptic encephalopathy31,없음,V900,의료비(급여부분),신경과,"[""신경과""]",manual_primary_whitelist:뇌전증,분류완료,,
739,발달성 및 뇌전증성 뇌병증 76,Developmental and epileptic encephalopathy 76,없음,V900,의료비(급여부분),신경과,"[""신경과""]",manual_primary_whitelist:뇌전증,분류완료,,
738,"발달지연, 이상형태성 얼굴, 그리고 뇌 이상(U2AF2 관련)","Developmental delay, dysmorphic facies, and Brain anomalies(U2AF2 related)",없음,V900,의료비(급여부분),미분류,[],,미분류,,
737,"발달지연을 동반한 TRAF7 관련 심장, 안면, 말단 기형","TRAF7 related cardiac, facial, and digital anomalies with developmental delay",없음,V900,의료비(급여부분),미분류,[],,미분류,,
736,발작성 야간헤모글로빈뇨,Paroxysmal nocturnal haemoglobinuria [Marchiafava-Micheli],D59.5,V187,의료비(급여부분),미분류,[],,미분류,,
735,방광외반,Exstrophy of urinary bladder,Q64.1,V227,의료비(급여부분),미분류,[],,미분류,,
734,방광외번,Extroversion of bladder,Q64.1,V227,의료비(급여부분),미분류,[],,미분류,,
733,방광이소증,Ectopia vesicae,Q64.1,V227,의료비(급여부분),미분류,[],,미분류,,
732,방실연결불일치,Discordant atrioventricular connection,Q20.5,V144,의료비(급여부분),미분류,[],,미분류,,
731,방실중격결손,Atrioventricular septal defect,Q21.2,V269,의료비(급여부분),심장내과/소아심장과,"[""심장내과/소아심장과""]",en_product3_148.xml,분류완료,98722,Atrioventricular septal defect
730,배꼽내장탈장,Exomphalos,Q79.2,V155,의료비(급여부분),미분류,[],,미분류,,
729,"백내장, 성장호르몬 결핍, 감각신경병증, 감각신경성 청력 상실 및 골격 이형성증","Cataracts, growth hormone deficiency, sensory neuropathy, sensorineural hearing loss, and skeletal dysplasia",없음,V900,의료비(급여부분),소아청소년과/의학유전학,"[""소아청소년과/의학유전학"", ""안과"", ""이비인후과""]",manual_primary_whitelist:\bcataract(s)?\b,분류완료,,
728,버드-키아리증후군,Budd-Chiari syndrome,I82.0,V173,의료비(급여부분),소화기내과,"[""소화기내과""]",en_product3_183.xml,분류완료,131,Budd-Chiari syndrome
727,범골수황폐,Panmyelophthisis,D61.9,V023,의료비(급여부분),미분류,[],,미분류,,
726,베게너육아종증,Wegener granulomatosis,M31.3,V135,의료비(급여부분),류마티스내과/면역내과,"[""류마티스내과/면역내과"", ""소아청소년과/의학유전학"", ""신경과"", ""신장내과"", ""심장내과/소아심장과"", ""호흡기내과""]",en_product3_181.xml; en_product3_184.xml; en_product3_188.xml; en_product3_196.xml; en_product3_198.xml; en_product3_231.xml,분류완료,900,Granulomatosis with polyangiitis
725,베르나르-술리에[거대혈소판]증후군,Bernard-Soulier[giant platelet] syndrome,D69.1,V106,의료비(급여부분),미분류,[],,미분류,,
724,베르너-슐츠병,Werner-Schultz disease,D70,V108,의료비(급여부분),미분류,[],,미분류,,
723,베스트 병[노른자모양황반변성],Best’s disease[Best vitelliform maculardystrophy],H35.52,V900,의료비(급여부분),안과,"[""안과""]",manual_primary_whitelist:황반변성,분류완료,,
722,베인브릿지-로퍼스 증후군,Bainbridge-Ropers syndrome,없음,V900,의료비(급여부분),신경과,"[""신경과""]",en_product3_181.xml,분류완료,352577,Bainbridge-Ropers syndrome
721,베체트병,Behcet’s disease,M35.2,V139,의료비(급여부분),미분류,[],,미분류,,
720,베타-글루쿠론산분해효소결핍,β-Glucuronidase deficiency,E76.2,V117,"의료비(급여부분), 간병비, 인공호흡기 및 기침유발기, 보조기기 구입비",미분류,[],,미분류,,
719,베타-프로펠러 단백질 연관 신경변성,Beta-Propeller protein-associated neurodegeneration,없음,V900,의료비(급여부분),신경과,"[""신경과""]",en_product3_181.xml,분류완료,329284,Beta-propeller protein-associated neurodegeneration
718,베타아미노산대사장애,Disorders of β-amino-acid metabolism,E72.8,V117,의료비(급여부분),미분류,[],,미분류,,
717,베타지중해빈혈,Beta thalassaemia,D56.1,V232,의료비(급여부분),미분류,[],,미분류,,
716,벡위드-비데만 증후군,Beckwith-Wiedemann syndrome,Q87.3,V900,의료비(급여부분),신장내과,"[""신장내과"", ""심장내과/소아심장과"", ""이비인후과"", ""치과/구강악안면외과"", ""혈액종양내과""]",en_product3_146.xml; en_product3_188.xml; en_product3_200.xml; en_product3_202.xml; en_product3_209.xml,리뷰필요,116,Beckwith-Wiedemann syndrome
715,보류된 힘줄반사을(를) 동반한 조기발병 소뇌성 운동실조,Early-onset cerebellar ataxia with retained tendon reflexes,G11.1,V123,"의료비(급여부분), 간병비, 인공호흡기 및 기침유발기, 보조기기 구입비",신경과,"[""신경과""]",en_product3_181.xml,분류완료,1177,Early-onset cerebellar ataxia with retained tendon reflexes
714,보리우-보이콧-이네스 증후군,Beaulieu-Boycott-Innes syndrome[BBIS],없음,V900,의료비(급여부분),미분류,[],,미분류,,
713,보링-오피츠 증후군,Bohring-Opitz syndrome,없음,V900,의료비(급여부분),신경과,"[""신경과"", ""정형외과""]",en_product3_181.xml; en_product3_199.xml,리뷰필요,97297,Bohring-Opitz syndrome
712,보쉬-분스트라-샤프 시신경위축 증후군,Bosch-Boonstra-Schaaf optic atrophy syndrome,없음,V900,의료비(급여부분),안과,"[""안과"", ""신경과""]",en_product3_181.xml; en_product3_189.xml,분류완료,401777,Optic atrophy-intellectual disability syndrome
711,보제슨-포르스만-레만 증후군,Börjeson-Forssman-Lehmann syndrome,없음,V900,의료비(급여부분),내분비대사내과,"[""내분비대사내과"", ""신경과"", ""안과""]",en_product3_181.xml; en_product3_189.xml; en_product3_193.xml,리뷰필요,127,Borjeson-Forssman-Lehmann syndrome
710,보체계통의 결손,Defects in the complement system,D84.1,V111,의료비(급여부분),미분류,[],,미분류,,
709,보통염색체열성 무감마글로불린혈증(스위스형),Autosomal recessive agammaglobulinaemia (Swiss type),D80.0,V111,의료비(급여부분),미분류,[],,미분류,,
708,보통염색체열성 세가와 증후군,Autosomal recessive Segawa syndrome,없음,V900,의료비(급여부분),신경과,"[""신경과"", ""내분비대사내과""]",en_product3_150.xml; en_product3_181.xml,분류완료,101150,Autosomal recessive dopa-responsive dystonia
707,보통염색체열성 피부이완증 1C형(LTBP4 관련),"Cutis laxa, autosomal recessive, type1C(LTBP4 related)",없음,V900,의료비(급여부분),미분류,[],,미분류,,
706,보통천포창,Pemphigus vulgaris,L10.0,V132,의료비(급여부분),피부과,"[""피부과""]",en_product3_187.xml,분류완료,704,Pemphigus vulgaris
705,복벽의 기타 선천기형,Other congenital malformations of abdominal wall,Q79.5,V155,의료비(급여부분),미분류,[],,미분류,,
704,복벽파열증,Gastroschisis,Q79.3,V155,의료비(급여부분),소화기내과,"[""소화기내과""]",en_product3_152.xml,분류완료,2368,Gastroschisis
703,복합부분뇌전증지속상태,Complex partial status epilepticus,G41.2,V125,의료비(급여부분),신경과,"[""신경과""]",manual_primary_whitelist:뇌전증,분류완료,,
702,복합부위통증증후군 I형,Complex regional pain syndrome type I,G90.5,V177,의료비(급여부분),미분류,[],,미분류,,
701,복합부위통증증후군 Ⅱ형,Complex regional pain syndrome type II,G90.6,V168,의료비(급여부분),미분류,[],,미분류,,
700,본태성 떨림을(를) 동반한 조기발병 소뇌성 운동실조,Early-onset cerebellar ataxia with essential tremor,G11.1,V123,"의료비(급여부분), 간병비, 인공호흡기 및 기침유발기, 보조기기 구입비",신경과,"[""신경과""]",manual_primary_whitelist:\bataxia\b,분류완료,,
699,볼프람 증후군,Wolfram syndrome,없음,V900,의료비(급여부분),내분비대사내과,"[""내분비대사내과"", ""안과"", ""이비인후과""]",en_product3_189.xml; en_product3_193.xml; en_product3_200.xml,분류완료,3463,Wolfram syndrome
698,봉입체 근염,Inclusion body myositis (IBM),G72.4,V900,의료비(급여부분),미분류,[],,미분류,,
697,부갑상선기능저하증-감각신경성 난청- 신장 질환 (HDR) 증후군,Hypoparathyroidism-sensorineural deafness-renal disease (HDR) syndrome,없음,V900,의료비(급여부분),신장내과,"[""신장내과""]",manual_primary_whitelist:\brenal disease\b,분류완료,,
696,부근,Accessory muscle,Q79.8,V155,의료비(급여부분),미분류,[],,미분류,,
695,부라티-하렐 증후군,Buratti-Harel syndrome,없음,V900,의료비(급여부분),미분류,[],,미분류,,
694,부르느뷰병,Bourneville’s disease,Q85.1,V204,의료비(급여부분),미분류,[],,미분류,,
693,부분폐정맥결합이상,Partial anomalous pulmonary venous connection,Q26.3,V150,의료비(급여부분),미분류,[],,미분류,,
692,부신경색증,Adrenal infarction,E27.4,V116,의료비(급여부분),미분류,[],,미분류,,
691,부신발증,Adrenal crisis,E27.2,V116,의료비(급여부분),내분비대사내과,"[""내분비대사내과""]",en_product3_193.xml,분류완료,95409,Acute adrenal insufficiency
690,부신백질형성장애[애디슨-쉴더],Adrenoleukodystrophy[Addison-Schilder],E71.3,V117,"의료비(급여부분), 간병비, 인공호흡기 및 기침유발기, 보조기기 구입비",미분류,[],,미분류,,
689,부신생식기증후군 NOS,Adrenogenital syndrome NOS,E25.9,V115,의료비(급여부분),미분류,[],,미분류,,
688,부신출혈,Adrenal haemorrhage,E27.4,V116,의료비(급여부분),미분류,[],,미분류,,
687,부신피질발증,Adrenocortical crisis,E27.2,V116,의료비(급여부분),내분비대사내과,"[""내분비대사내과""]",en_product3_193.xml,분류완료,95409,Acute adrenal insufficiency
686,부신피질부전 NOS,Adrenocortical insufficiency NOS,E27.4,V116,의료비(급여부분),미분류,[],,미분류,,
685,부정맥유발성 우심실 형성이상,Arrhythmogenic right ventricular dysplasia,I42.80,V900,의료비(급여부분),미분류,[],,미분류,,
684,분열뇌증,Schizencephaly,Q04.6,V240,의료비(급여부분),신경과,"[""신경과"", ""안과""]",en_product3_181.xml; en_product3_189.xml,리뷰필요,799,Schizencephaly
683,불완전골형성,Osteogenesis imperfecta,Q78.0,V183,의료비(급여부분),정형외과,"[""정형외과""]",en_product3_199.xml,분류완료,666,Osteogenesis imperfecta
682,불완전상아질형성,Dentinogenesis imperfecta,K00.51,V310,의료비(급여부분),치과/구강악안면외과,"[""치과/구강악안면외과""]",en_product3_197.xml,분류완료,49042,Dentinogenesis imperfecta
681,블라우 증후군,Blau syndrome,없음,V900,의료비(급여부분),류마티스내과/면역내과,"[""류마티스내과/면역내과"", ""소아청소년과/의학유전학"", ""안과"", ""피부과"", ""호흡기내과""]",en_product3_184.xml; en_product3_187.xml; en_product3_189.xml; en_product3_195.xml; en_product3_196.xml; en_product3_231.xml,분류완료,90340,Blau syndrome
680,블랙판-다이아몬드증후군,Blackfan-Diamond syndrome,D61.0,V023,의료비(급여부분),미분류,[],,미분류,,
679,블륨 증후군,Bloom syndrome,Q82.8,V900,의료비(급여부분),류마티스내과/면역내과,"[""류마티스내과/면역내과"", ""신경과"", ""피부과"", ""혈액종양내과""]",en_product3_181.xml; en_product3_187.xml; en_product3_194.xml; en_product3_195.xml; en_product3_202.xml,리뷰필요,125,Bloom syndrome
678,비가역적 확장성 심근병증,Irreversible dilated cardiomyopathy,I42.0,V127,의료비(급여부분),심장내과/소아심장과,"[""심장내과/소아심장과""]",manual_primary_whitelist:\bcardiomyopath(y|ies)\b,분류완료,,
677,비가족성 저감마글로불린혈증,Nonfamilial hypogammaglobulinaemia,D80.1,V111,의료비(급여부분),미분류,[],,미분류,,
676,"비골근위축(축삭형, 비대형)","Peroneal muscular atrophy(axonal type, hypertrophic type)",G60.0,V169,"의료비(급여부분), 인공호흡기 및 기침유발기",미분류,[],,미분류,,
675,비대성 대동맥판하협착,Hypertrophic subaortic stenosis,I42.1,V127,의료비(급여부분),미분류,[],,미분류,,
674,비데만-스타이너 증후군,Wiedemann-Steiner syndrome,없음,V900,의료비(급여부분),신경과,"[""신경과""]",en_product3_181.xml,분류완료,319182,Wiedemann-Steiner syndrome
673,비스코트-얼드리치증후군,Wiskott-Aldrich syndrome,D82.0,V111,의료비(급여부분),류마티스내과/면역내과,"[""류마티스내과/면역내과"", ""피부과"", ""혈액종양내과""]",en_product3_187.xml; en_product3_194.xml; en_product3_195.xml; en_product3_202.xml,리뷰필요,906,Wiskott-Aldrich syndrome
672,비신경병성 유전가족성 아밀로이드증,Non-neuropathic heredofamilial amyloidosis,E85.0,V121,의료비(급여부분),미분류,[],,미분류,,
671,비정형 용혈-요독증후군,Atypical haemolytic-uraemic syndrome,D59.3,V219,의료비(급여부분),미분류,[],,미분류,,
670,"비정형마이코박테륨증, 가족형, X연관","Atypical mycobacteriosis, familial, X-linked",A31.9,V900,의료비(급여부분),미분류,[],,미분류,,
669,비케톤고글라이신혈증,Non-ketotic hyperglycinaemia,E72.5,V117,"의료비(급여부분), 특수분유 및 저단백즉석밥",미분류,[],,미분류,,
668,비타민D저항골연화증,Vitamin-D-resistant osteomalacia,E83.3,V189,의료비(급여부분),미분류,[],,미분류,,
667,비타민D저항구루병,Vitamin-D-resistant rickets,E83.3,V189,의료비(급여부분),미분류,[],,미분류,,
666,비폐색성 비대성 심근병증,Nonobstructive hypertrophic cardiomyopathy,I42.20,V127,의료비(급여부분),심장내과/소아심장과,"[""심장내과/소아심장과""]",manual_primary_whitelist:\bcardiomyopath(y|ies)\b,분류완료,,
665,빌트-호그-두베증후군,Birt-Hogg-Dube syndrome,없음,V900,의료비(급여부분),혈액종양내과,"[""혈액종양내과"", ""신장내과"", ""피부과"", ""호흡기내과""]",en_product3_184.xml; en_product3_187.xml; en_product3_188.xml; en_product3_202.xml,분류완료,122,Birt-Hogg-Dubé syndrome
664,뾰족머리증,Acrocephaly,Q75.0,V265,의료비(급여부분),미분류,[],,미분류,,
664,뾰족머리증,Oxycephaly,Q75.0,V265,의료비(급여부분),미분류,[],,미분류,,
662,사구체질환 동반 전신홍반루푸스,Systemic lupus erythematosus with glomerular disease,M32.1,V136,의료비(급여부분),미분류,[],,미분류,,
661,사르코신혈증,Sarcosinaemia,E72.5,V117,의료비(급여부분),미분류,[],,미분류,,
660,사르코이드관절병증,Sarcoid arthropathy,D86.8,V111,의료비(급여부분),미분류,[],,미분류,,
659,사르코이드근염,Sarcoid myositis,D86.8,V111,의료비(급여부분),미분류,[],,미분류,,
658,사르코이드심근염,Sarcoid myocarditis,D86.8,V111,의료비(급여부분),미분류,[],,미분류,,
657,사르코이드증에서의 다발성 뇌신경마비,Multiple cranial nerve palsies in sarcoidosis,D86.8,V111,의료비(급여부분),미분류,[],,미분류,,
656,사르코이드증에서의 홍채섬모체염,Iridocyclitis in sarcoidosis,D86.8,V111,의료비(급여부분),미분류,[],,미분류,,
655,산발형 근위축측삭경화증,Sporadic amyotrophic lateral sclerosis,G12.21,V123,"의료비(급여부분), 간병비, 인공호흡기 및 기침유발기, 보조기기 구입비",미분류,[],,미분류,,
654,산성인산분해효소결핍,Acid phosphatase deficiency,E83.3,V189,의료비(급여부분),미분류,[],,미분류,,
653,산필립포 (B형)(C형)(D형) 증후군,Sanfilippo (types B)(type C)(type D) syndrome,E76.2,V117,"의료비(급여부분), 간병비, 인공호흡기 및 기침유발기, 보조기기 구입비",미분류,[],,미분류,,
652,삼각머리증,Trigonocephaly,Q75.0,V265,의료비(급여부분),미분류,[],,미분류,,
651,삼첨판폐쇄,Tricuspid atresia,Q22.4,V146,의료비(급여부분),심장내과/소아심장과,"[""심장내과/소아심장과""]",en_product3_148.xml,분류완료,1209,Tricuspid atresia
650,삼탄당인산염이성화효소결핍빈혈,Triose-phosphate isomerase deficiency anaemia,D55.2,V164,의료비(급여부분),미분류,[],,미분류,,
649,상세불명의 공통 가변성 면역결핍,"Common variable immunodeficiency, unspecified",D83.9,V111,의료비(급여부분),미분류,[],,미분류,,
648,상세불명의 궤양성 대장염,"Ulcerative colitis, unspecified",K51.9,V131,의료비(급여부분),미분류,[],,미분류,,
647,상세불명의 뇌전증지속상태,"Status epilepticus, unspecified",G41.9,V125,의료비(급여부분),신경과,"[""신경과""]",manual_primary_whitelist:뇌전증,분류완료,,
646,상세불명의 다발경화증,Unspecified multiple sclerosis,G35.9,V022,"의료비(급여부분), 간병비, 인공호흡기 및 기침유발기, 보조기기 구입비",미분류,[],,미분류,,
645,상세불명의 뼈의 파젯병,"Paget’s disease of bone, unspecified",M88.9,V213,의료비(급여부분),정형외과,"[""정형외과""]",manual_primary_whitelist:\bpaget.?s disease of bone\b,분류완료,,
644,상세불명의 유전가족성 아밀로이드증,"Heredofamilial amyloidosis, unspecified",E85.2,V121,의료비(급여부분),미분류,[],,미분류,,
643,상세불명의 유전성 망막디스트로피,Unspecified hereditary retinal dystrophy,H35.59,V209,의료비(급여부분),안과,"[""안과""]",manual_primary_whitelist:\bretinal dystroph(y|ies)\b,분류완료,,
642,상세불명의 유전성 운동실조,"Hereditary ataxia, unspecified",G11.9,V123,"의료비(급여부분), 간병비, 인공호흡기 및 기침유발기, 보조기기 구입비",신경과,"[""신경과""]",manual_primary_whitelist:\bataxia\b,분류완료,,
641,상세불명의 이분척추,"Spina bifida, unspecified",Q05.9,V179,의료비(급여부분),미분류,[],,미분류,,
640,상세불명의 척수성 근위축,"Spinal muscular atrophy, unspecified",G12.9,V123,"의료비(급여부분), 간병비, 인공호흡기 및 기침유발기, 보조기기 구입비",미분류,[],,미분류,,
639,상세불명의 폐정맥결합이상,"Anomalous pulmonary venous connection, unspecified",Q26.4,V150,의료비(급여부분),미분류,[],,미분류,,
638,색소망막염,Retinitis pigmentosa,H35.51,V209,의료비(급여부분),안과,"[""안과"", ""신경과""]",en_product3_181.xml; en_product3_189.xml,분류완료,791,Retinitis pigmentosa
637,색소성 담창구변성,Pigmentary pallidal degeneration,G23.0,V257,의료비(급여부분),미분류,[],,미분류,,
636,색소실조증,Incontinentia pigmenti,Q82.3,V900,의료비(급여부분),신경과,"[""신경과"", ""안과"", ""치과/구강악안면외과"", ""피부과""]",en_product3_181.xml; en_product3_187.xml; en_product3_189.xml; en_product3_197.xml,리뷰필요,464,Incontinentia pigmenti
635,색소피부건조증 그룹 A,Xeroderma pigmentosum Group A (XPA),없음,V900,의료비(급여부분),미분류,[],,미분류,,
634,샌드호프병,Sandhoff’s disease,E75.0,V117,의료비(급여부분),미분류,[],,미분류,,
633,샤르코-마리-투스질환,Charcot-Marie-Tooth disease,G60.0,V169,"의료비(급여부분), 간병비, 인공호흡기 및 기침유발기, 보조기기 구입비",미분류,[],,미분류,,
632,샤이에증후군,Scheie syndrome,E76.0,V117,"의료비(급여부분), 간병비, 인공호흡기 및 기침유발기, 보조기기 구입비",내분비대사내과,"[""내분비대사내과"", ""신경과"", ""안과"", ""정형외과""]",en_product3_150.xml; en_product3_181.xml; en_product3_189.xml; en_product3_199.xml,분류완료,93474,Scheie syndrome
631,샤프-양 증후군,Schaaf-Yang syndrome,없음,V900,의료비(급여부분),내분비대사내과,"[""내분비대사내과"", ""산부인과/생식의학"", ""신경과""]",en_product3_181.xml; en_product3_193.xml; en_product3_201.xml; en_product3_205.xml,리뷰필요,398069,Schaaf-Yang syndrome
630,"석회증, 레이노현상, 식도기능장애, 경지증(硬指症), 모세혈관확장의 조합","Combination of calcinosis, Raynaud’s phenomenon, (o)esophageal dysfunction, sclerodactyly, telangiectasia",M34.1,V138,의료비(급여부분),미분류,[],,미분류,,
629,"섞임증, 45, X/46, XX 또는 XY","Mosaicism, 45, X/46, XX or XY",Q96.3,V021,의료비(급여부분),미분류,[],,미분류,,
628,"섞임증, 이상성염색체를 가진 45, X/기타 세포열","Mosaicism, 45, X/other cell line(s) with abnormal sex chromosome",Q96.4,V021,의료비(급여부분),미분류,[],,미분류,,
627,선조성골병증-두개경화증,Osteopathia striata-cranial sclerosis,없음,V900,의료비(급여부분),미분류,[],,미분류,,
626,선천녹내장,Congenital glaucoma,Q15.0,V900,의료비(급여부분),안과,"[""안과""]",en_product3_189.xml,분류완료,98976,Congenital glaucoma
625,선천복벽탈장,Omphalocele,Q79.2,V155,의료비(급여부분),미분류,[],,미분류,660,Omphalocele
624,선천성 간 섬유증,Congenital liver fibrosis,Q44.6,V900,의료비(급여부분),미분류,[],,미분류,,
623,선천성 경상 운동 장애,Congenital mirror movement (CMM) disorder,없음,V900,의료비(급여부분),미분류,[],,미분류,,
622,선천성 고인슐린혈증,Congenital hyperinsulinaemia,E16.10,V900,의료비(급여부분),미분류,[],,미분류,,
621,선천성 골경화증,Osteosclerosis congenita,Q77.4,V228,의료비(급여부분),미분류,[],,미분류,,
620,선천성 관상동맥류,Congenital coronary(artery) aneurysm,Q24.5,V148,의료비(급여부분),심장내과/소아심장과,"[""심장내과/소아심장과""]",en_product3_148.xml,분류완료,95491,Congenital coronary artery aneurysm
619,선천성 근긴장증 NOS,Myotonia congenita NOS,G71.1,V012,"의료비(급여부분), 간병비, 인공호흡기 및 기침유발기, 보조기기 구입비",미분류,[],,미분류,,
618,선천성 근디스트로피 NOS,Congenital muscular dystrophy NOS,G71.2,V012,"의료비(급여부분), 간병비, 인공호흡기 및 기침유발기, 보조기기 구입비",미분류,[],,미분류,,
617,선천성 근위축,Amyotrophia congenita,Q79.8,V155,의료비(급여부분),미분류,[],,미분류,,
616,선천성 근육병증,Congenital myopathies,G71.2,V012,"의료비(급여부분), 간병비, 인공호흡기 및 기침유발기, 보조기기 구입비",미분류,[],,미분류,,
615,선천성 기능성 단장 증후군,Congenital functional short bowel syndrome,없음,V900,의료비(급여부분),미분류,[],,미분류,,
614,선천성 뇌하수체기능저하증,Congenital hypopituitarism,E23.0,V900,의료비(급여부분),미분류,[],,미분류,,
613,선천성 니코틴아마이드 아데닌 다이뉴클레오타이드 결핍 질환,Congenital nicotinamide adenien dinucleotide deficiency disease,없음,V900,의료비(급여부분),미분류,[],,미분류,,
612,선천성 다발관절만곡증,Arthrogryposis multiplex congenita,Q74.3,V292,의료비(급여부분),미분류,[],,미분류,1037,Arthrogryposis multiplex congenita
611,선천성 당화장애,Congenital disorder of glycosylation,없음,V900,의료비(급여부분),내분비대사내과,"[""내분비대사내과""]",en_product3_150.xml,분류완료,137,Congenital disorder of glycosylation
610,선천성 대동맥판기능부전,Congenital aortic insufficiency,Q23.1,V147,의료비(급여부분),미분류,[],,미분류,,
609,선천성 대동맥판역류,Congenital aortic regurgitation,Q23.1,V147,의료비(급여부분),미분류,[],,미분류,,
608,선천성 대동맥판폐쇄,Congenital aortic atresia,Q23.0,V147,의료비(급여부분),미분류,[],,미분류,,
607,선천성 대동맥판하협착,Congenital subaortic stenosis,Q24.4,V270,의료비(급여부분),미분류,[],,미분류,,
606,선천성 대동맥판협착,Congenital aortic stenosis,Q23.0,V147,의료비(급여부분),미분류,[],,미분류,,
605,선천성 무거핵구성 혈소판감소증,Congenital amegakaryocytic thrombocytopenia,없음,V900,의료비(급여부분),혈액종양내과,"[""혈액종양내과""]",en_product3_194.xml,분류완료,3319,Congenital amegakaryocytic thrombocytopenia
604,선천성 무과립구증,Congenital agranulocytosis,D70,V108,의료비(급여부분),미분류,[],,미분류,,
603,선천성 무피브리노젠혈증,Congenital afibrinogenaemia,D68.2,V009,의료비(급여부분),미분류,[],,미분류,,
602,선천성 무형성(순수)적혈구,"Aplasia, (pure) red cell (of) congenital",D61.0,V023,의료비(급여부분),미분류,[],,미분류,,
601,선천성 및 발달성 근무력증,Congenital and developmental myasthenia,G70.2,V012,의료비(급여부분),미분류,[],,미분류,,
600,선천성 반척추,Congenital hemivertebra,없음,V900,의료비(급여부분),미분류,[],,미분류,,
599,선천성 부신증식증,Congenital adrenal hyperplasia,E25.0,V115,의료비(급여부분),내분비대사내과,"[""내분비대사내과""]",en_product3_193.xml,분류완료,418,Congenital adrenal hyperplasia
598,선천성 비진행성 운동실조,Congenital nonprogressive ataxia,G11.0,V123,"의료비(급여부분), 간병비, 인공호흡기 및 기침유발기, 보조기기 구입비",신경과,"[""신경과""]",manual_primary_whitelist:\bataxia\b,분류완료,,
597,선천성 수포성 비늘모양홍색피부증,Congenital bullous ichthyosiform erythroderma,Q80.3,V900,의료비(급여부분),미분류,[],,미분류,,
596,선천성 승모판기능부전,Congenital mitral insufficiency,Q23.3,V147,의료비(급여부분),심장내과/소아심장과,"[""심장내과/소아심장과""]",manual_primary_whitelist:\bmitral (atresia|insufficiency|stenosis)\b,분류완료,,
595,선천성 승모판폐쇄,Congenital mitral atresia,Q23.2,V147,의료비(급여부분),심장내과/소아심장과,"[""심장내과/소아심장과""]",manual_primary_whitelist:\bmitral (atresia|insufficiency|stenosis)\b,분류완료,,
594,선천성 승모판협착,Congenital mitral stenosis,Q23.2,V147,의료비(급여부분),심장내과/소아심장과,"[""심장내과/소아심장과""]",en_product3_148.xml,분류완료,99057,Congenital mitral stenosis
593,선천성 신증후군(핀란드형),Congenital nephrotic syndrome(Finnish type),N04,V900,의료비(급여부분),신장내과,"[""신장내과""]",en_product3_188.xml,분류완료,839,"Congenital nephrotic syndrome, Finnish type"
592,선천성 심근병증,Congenital cardiomyopathy,I42.4,V127,의료비(급여부분),심장내과/소아심장과,"[""심장내과/소아심장과""]",manual_primary_whitelist:\bcardiomyopath(y|ies)\b,분류완료,,
591,"선천성 심장결손, 이상형태성 얼굴 특징 및 지적발달장애","Congenital heart defects, dysmorphic facial features, and intellectual developmental disorder (CHDFIDD)",없음,V900,의료비(급여부분),미분류,[],,미분류,,
590,선천성 심장차단,Congenital heart block,Q24.6,V271,의료비(급여부분),심장내과/소아심장과,"[""심장내과/소아심장과""]",en_product3_146.xml,분류완료,60041,Congenital heart block
589,선천성 염화물 설사,Congenital chloride diarrhea,없음,V900,의료비(급여부분),소화기내과,"[""소화기내과""]",en_product3_152.xml,분류완료,53689,Congenital chloride diarrhea
588,선천성 이상각화증,Congenital dyskeratosis,Q82.8,V900,의료비(급여부분),미분류,[],,미분류,,
587,선천성 이상근긴장증,Paramyotonia congenita,G71.1,V012,"의료비(급여부분), 간병비, 인공호흡기 및 기침유발기, 보조기기 구입비",신경과,"[""신경과""]",en_product3_181.xml,분류완료,684,Paramyotonia congenita of Von Eulenburg
586,선천성 이상식작용증,Congenital dysphagocytosis,D71,V109,의료비(급여부분),미분류,[],,미분류,,
585,선천성 적혈구조혈이상빈혈,Congenital dyserythropoietic anaemia,D64.4,V220,의료비(급여부분),미분류,[],,미분류,,
584,선천성 전신지방이상증,Congenital systemic lipodystrophy,E88.1,V900,의료비(급여부분),미분류,[],,미분류,,
583,선천성 젖당분해효소결핍,Congenital lactase deficiency,E73.0,V117,의료비(급여부분),소화기내과,"[""소화기내과"", ""내분비대사내과""]",en_product3_150.xml; en_product3_152.xml,분류완료,53690,Congenital lactase deficiency
582,선천성 중추성 무호흡증,Congenital central hypoventilation syndrome,없음,V900,의료비(급여부분),신경과,"[""신경과"", ""호흡기내과""]",en_product3_181.xml; en_product3_184.xml,분류완료,661,Congenital central hypoventilation syndrome
581,선천성 지카 바이러스 질환,Congenital Zika virus disease,P35.4,V900,의료비(급여부분),미분류,[],,미분류,,
580,선천성 짧은힘줄,Congenital shortening of tendon,Q79.8,V155,의료비(급여부분),미분류,[],,미분류,,
579,선천성 풍진증후군,Congenital rubella syndrome,P35.0,V900,의료비(급여부분),신경과,"[""신경과"", ""안과""]",en_product3_181.xml; en_product3_189.xml,리뷰필요,290,Congenital rubella syndrome
578,선천성 협착띠,Congenital constricting bands,Q79.8,V155,의료비(급여부분),미분류,[],,미분류,,
577,선천성 호중구감소,Congenital neutropenia,D70,V108,의료비(급여부분),류마티스내과/면역내과,"[""류마티스내과/면역내과""]",en_product3_195.xml,분류완료,101987,Congenital neutropenia
576,선천성 횡격막탈장,Congenital diaphragmatic hernia,Q79.0,V155,의료비(급여부분),호흡기내과,"[""호흡기내과""]",en_product3_184.xml,분류완료,2140,Congenital diaphragmatic hernia
575,선천성짧은장증후군,Congenital Short Bowel Syndrome,Q43.8,V900,의료비(급여부분),소화기내과,"[""소화기내과""]",en_product3_152.xml,분류완료,2301,Congenital short bowel syndrome
574,설파테이스결핍,Sulfatase deficiency,E75.2,V117,의료비(급여부분),미분류,[],,미분류,,
573,"섬모체, 원발성 이상운동증","ciliary, primary Dyskinesia",J39.8,V900,의료비(급여부분),미분류,[],,미분류,,
572,성인발병 스틸병,Adult-onset Still’s disease,M06.1,V298,의료비(급여부분),미분류,[],,미분류,,
571,성인의 킨뵉병,Kienböck’s disease of adults,M93.1,V299,의료비(급여부분),미분류,[],,미분류,,
570,성인형 GM₂-강글리오시드증,Adult GM₂gangliosidosis,E75.0,V117,의료비(급여부분),미분류,[],,미분류,,
569,성인형 척수성 근위축,Adult form spinal muscular atrophy,G12.1,V123,"의료비(급여부분), 간병비, 인공호흡기 및 기침유발기, 보조기기 구입비",미분류,[],,미분류,,
568,"성장지연, 지적발달장애, 근기능저하 및 간병증","Growth retardations, impaired intellectual development, hypotonia, and hepatopathy (GRIDHH)",없음,V900,의료비(급여부분),미분류,[],,미분류,,
567,성장호르몬의 과잉생산,Overproduction of growth hormone,E22.0,V112,의료비(급여부분),미분류,[],,미분류,,
566,세뇨관-간질신장병증 동반 전신홍반루푸스,Systemic lupus erythematosus with tubulo-interstitial nephropathy,M32.1,V136,의료비(급여부분),미분류,[],,미분류,,
565,세망세포발생이상을 동반한 중증복합면역결핍,Severe combined immunodeficiency [SCID] with reticular dysgenesis,D81.0,V111,의료비(급여부분),미분류,[],,미분류,,
564,세망조직구종(거대세포),Reticulohistiocytoma(giant-cell),D76.3,V110,의료비(급여부분),미분류,[],,미분류,,
563,세포막수용체복합체[CR3]결손,Cell membrane receptor complex [CR3] defect,D71,V109,의료비(급여부분),미분류,[],,미분류,,
562,소뇌무발생,Cerebellar agenesis,Q04.3,V900,의료비(급여부분),미분류,[],,미분류,,
561,"소뇌위축, 시력장애, 정신운동지체","Cerebellar atrophy, visual impairment, and psychomotor retardation [CAVIPMR]",없음,V900,의료비(급여부분),미분류,[],,미분류,,
560,소두증 골형성이상 원시성 난쟁이증 유형2,Microcephalic osteodysplastic primordial dwarfism type II,없음,V900,의료비(급여부분),정형외과,"[""정형외과"", ""내분비대사내과"", ""신경과""]",en_product3_181.xml; en_product3_193.xml; en_product3_199.xml,분류완료,2637,Microcephalic osteodysplastic primordial dwarfism type II
559,"소두증, 언어장애,그리고 보행이상을 동반한 신경발달 이상(NARS1 관련)","Neurodevelopmental disorder with microcephaly, impaired language, and gait abnormalities",없음,V900,의료비(급여부분),미분류,[],,미분류,,
558,소발작뇌전증지속상태,Petit mal status epilepticus,G41.1,V125,의료비(급여부분),신경과,"[""신경과""]",manual_primary_whitelist:뇌전증,분류완료,,
557,소사구체이상을 동반한 신증후군,Nephrotic syndrome with minor glomerular abnormality,N04.0,V263,의료비(급여부분),미분류,[],,미분류,,
556,소아기의 진행성 연수마비[파지오-론데],Progressive bulbar palsy of childhood [Fazio-Londe],G12.1,V123,"의료비(급여부분), 간병비, 인공호흡기 및 기침유발기, 보조기기 구입비",미분류,[],,미분류,,
555,소아성 폴립증 증후군,Juvenile polyposis syndrome,없음,V900,의료비(급여부분),소화기내과,"[""소화기내과"", ""혈액종양내과""]",en_product3_152.xml; en_product3_202.xml,분류완료,2929,Juvenile polyposis syndrome
554,"소아형, Ⅱ형 척수성 근위축","Childhood form, type Ⅱ spinal muscular atrophy",G12.1,V123,"의료비(급여부분), 간병비, 인공호흡기 및 기침유발기, 보조기기 구입비",미분류,[],,미분류,,
553,소이증(小耳症),Microtia,Q17.2,V291,의료비(급여부분),이비인후과,"[""이비인후과""]",en_product3_200.xml,분류완료,83463,Microtia
552,소장 및 대장 모두의 크론병,Crohn’s disease of both small and large intestine,K50.8,V130,의료비(급여부분),미분류,[],,미분류,,
551,소장의 크론병,Crohn’s disease of small intestine,K50.0,V130,의료비(급여부분),미분류,[],,미분류,,
550,소토스 증후군,Sotos syndrome,Q87.3,V244,의료비(급여부분),신경과,"[""신경과"", ""안과"", ""정형외과"", ""혈액종양내과""]",en_product3_181.xml; en_product3_189.xml; en_product3_199.xml; en_product3_202.xml,리뷰필요,821,Sotos syndrome
549,손발바닥농포증,Pustulosis palmaris et plantaris,L40.3,V313,의료비(급여부분),피부과,"[""피부과""]",en_product3_187.xml,분류완료,163927,Pustulosis palmaris et plantaris
548,손발톱무릎뼈 증후군,Nail patella syndrome,Q87.2,V243,의료비(급여부분),신장내과,"[""신장내과"", ""안과"", ""정형외과"", ""피부과""]",en_product3_187.xml; en_product3_188.xml; en_product3_189.xml; en_product3_199.xml,리뷰필요,2614,Nail-patella syndrome
547,송과선 기능이상,Pineal gland dysfunction,E34.8,V166,의료비(급여부분),미분류,[],,미분류,,
546,쇄골두개골이골증,Cleidocranial dysostosis,Q74.0,V900,의료비(급여부분),정형외과,"[""정형외과"", ""치과/구강악안면외과""]",en_product3_197.xml; en_product3_199.xml,분류완료,1452,Cleidocranial dysplasia
545,수근반달뼈의 골연골증(연소성)[킨뵉],Osteochondrosis (juvenile) of carpal lunate [Kienbock],M92.2,V299,의료비(급여부분),미분류,[],,미분류,,
544,수두증을 동반한 상세불명의 이분척추,Unspecified spina bifida with hydrocephalus,Q05.4,V179,의료비(급여부분),미분류,[],,미분류,,
543,수두증을 동반한 이분경추,Cervical spina bifida with hydrocephalus,Q05.0,V179,의료비(급여부분),미분류,[],,미분류,,
542,수두증을 동반한 이분요천추,Lumbosacral spina bifida with hydrocephalus,Q05.2,V179,의료비(급여부분),미분류,[],,미분류,,
541,수두증을 동반한 이분요추,Lumbar spina bifida with hydrocephalus,Q05.2,V179,의료비(급여부분),미분류,[],,미분류,,
540,수두증을 동반한 이분척추,Dorsal spina bifida with hydrocephalus,Q05.1,V179,의료비(급여부분),미분류,[],,미분류,,
539,수두증을 동반한 이분천추,Sacral spina bifida with hydrocephalus,Q05.3,V179,의료비(급여부분),미분류,[],,미분류,,
538,수두증을 동반한 이분흉요추,Thoracolumbar spina bifida with hydrocephalus,Q05.1,V179,의료비(급여부분),미분류,[],,미분류,,
537,수두증을 동반한 이분흉추,Thoracic spina bifida with hydrocephalus,Q05.1,V179,의료비(급여부분),미분류,[],,미분류,,
536,수두증이 없는 이분경추,Cervical spina bifida without hydrocephalus,Q05.5,V179,의료비(급여부분),미분류,[],,미분류,,
535,수두증이 없는 이분요추,Lumbar spina bifida without hydrocephalus,Q05.7,V179,의료비(급여부분),미분류,[],,미분류,,
534,수두증이 없는 이분천골,Sacral spina bifida without hydrocephalus,Q05.8,V179,의료비(급여부분),미분류,[],,미분류,,
533,수두증이 없는 이분흉추,Thoracic spina bifida without hydrocephalus,Q05.6,V179,의료비(급여부분),미분류,[],,미분류,,
532,수정혈관전위,Corrected transposition,Q20.5,V144,의료비(급여부분),미분류,[],,미분류,,
531,수초 희소돌기아교세포 당단백질 항체 관련 질환,Myelin oligodendrocyte glycoprotein antibody associated diseases [MOGAD],G37.8,V900,의료비(급여부분),미분류,[],,미분류,,
530,수포성 유사천포창,Bullous pemphigoid,L12.0,V211,의료비(급여부분),피부과,"[""피부과""]",en_product3_187.xml,분류완료,703,Bullous pemphigoid
529,숙신알데히드 탈수소효소 결핍(증),Succinic semialdehyde dehydrogenase deficiency (SSADHD),E72.8,V900,의료비(급여부분),미분류,[],,미분류,,
528,순환성 호중구감소,Cyclic neutropenia,D70,V108,의료비(급여부분),류마티스내과/면역내과,"[""류마티스내과/면역내과""]",en_product3_195.xml,분류완료,2686,Cyclic neutropenia
527,쉐그렌-라손 증후군,Sjogren-Larsson syndrome,Q87.1,V158,의료비(급여부분),피부과,"[""피부과"", ""내분비대사내과"", ""신경과"", ""안과""]",en_product3_150.xml; en_product3_181.xml; en_product3_187.xml; en_product3_189.xml,분류완료,816,Sjögren-Larsson syndrome
526,쉬프린첸-골드베르그 증후군,Shprintzen-Goldberg syndrome,없음,V900,의료비(급여부분),류마티스내과/면역내과,"[""류마티스내과/면역내과"", ""신경과"", ""정형외과""]",en_product3_181.xml; en_product3_196.xml; en_product3_199.xml,리뷰필요,2462,Shprintzen-Goldberg syndrome
525,쉬한증후군,Sheehan syndrome,E23.0,V165,의료비(급여부분),내분비대사내과,"[""내분비대사내과""]",en_product3_193.xml,분류완료,91355,Sheehan syndrome
524,쉰젤 기드온 증후군,Schinzel Giedion syndrome,없음,V900,의료비(급여부분),신경과,"[""신경과"", ""신장내과"", ""혈액종양내과""]",en_product3_181.xml; en_product3_188.xml; en_product3_202.xml,리뷰필요,798,Schinzel-Giedion syndrome
523,슈바크만-다이아몬드 증후군,Schwachman-Diamond syndrome,없음,V900,의료비(급여부분),미분류,[],,미분류,,
522,스미스-렘리-오피츠 증후군,Smith-Lemli-Opitz syndrome,Q87.1,V158,의료비(급여부분),내분비대사내과,"[""내분비대사내과"", ""비뇨의학과"", ""신경과"", ""신장내과"", ""안과"", ""정형외과""]",en_product3_150.xml; en_product3_181.xml; en_product3_185.xml; en_product3_188.xml; en_product3_189.xml; en_product3_193.xml; en_product3_199.xml,리뷰필요,818,Smith-Lemli-Opitz syndrome
521,스미스-마제니스 증후군,Smith-Magenis syndrome,Q93.5,V217,의료비(급여부분),내분비대사내과,"[""내분비대사내과"", ""신경과""]",en_product3_181.xml; en_product3_193.xml,리뷰필요,819,Smith-Magenis syndrome
520,스미스-킹스모어 증후군,Smith-Kingsmore syndrome,없음,V900,의료비(급여부분),신경과,"[""신경과""]",en_product3_181.xml,분류완료,457485,Macrocephaly-intellectual disability-neurodevelopmental disorder-small thorax syndrome
519,스크라반-디어도르프 증후군,Skraban-Deardorff syndrome,없음,V900,의료비(급여부분),신경과,"[""신경과""]",en_product3_181.xml,분류완료,513456,Intellectual disability-seizures-abnormal gait-facial dysmorphism syndrome
518,스타르가르트병,Stargardt’s disease,H35.58,V209,의료비(급여부분),안과,"[""안과""]",,미분류,,
517,스터지-베버(-디미트리) 증후군,Sturge-Weber(-Dimitri) syndrome,Q85.8,V216,의료비(급여부분),안과,"[""신경과"", ""심장내과/소아심장과"", ""안과"", ""이비인후과"", ""치과/구강악안면외과"", ""피부과""]",en_product3_181.xml; en_product3_187.xml; en_product3_189.xml; en_product3_198.xml; en_product3_200.xml; en_product3_209.xml,리뷰필요,3205,Sturge-Weber syndrome
516,스티클러 증후군,Sticklers syndrome,Q87.0,V900,의료비(급여부분),안과,"[""안과""]",,미분류,,
515,스필마이어-보그트병,Spielmeyer-Vogt’s disease,E75.4,V117,의료비(급여부분),미분류,[],,미분류,,
514,스휘르스-호에이메이커스 증후군,Schuurs-Hoeijmakers syndrome,없음,V900,의료비(급여부분),신경과,"[""신경과""]",en_product3_181.xml,분류완료,329224,Schuurs-Hoeijmakers syndrome
513,시니어-로켄 증후군,Senior-Loken syndrome,없음,V900,의료비(급여부분),신장내과,"[""신장내과"", ""안과""]",en_product3_188.xml; en_product3_189.xml,분류완료,3156,Senior-Loken syndrome
512,시스타타이오닌뇨증,Cystathioninuria,E72.1,V117,의료비(급여부분),내분비대사내과,"[""내분비대사내과""]",en_product3_150.xml,분류완료,212,Cystathioninuria
511,시스틴뇨증,Cystinuria,E72.0,V117,의료비(급여부분),신장내과,"[""신장내과"", ""내분비대사내과""]",en_product3_150.xml; en_product3_188.xml,분류완료,214,Cystinuria
510,시스틴증,Cystinosis,E72.0,V117,의료비(급여부분),내분비대사내과,"[""내분비대사내과"", ""신장내과"", ""정형외과""]",en_product3_150.xml; en_product3_188.xml; en_product3_193.xml; en_product3_199.xml,분류완료,213,Cystinosis
509,시스틴축적병,Cystine storage disease,E72.0,V117,의료비(급여부분),미분류,[],,미분류,,
508,시신경척수염[데빅병],Neuromyelitis optica[Devic],G36.0,V276,의료비(급여부분),미분류,[],,미분류,,
507,시알산증[뮤코지질증Ⅰ],Sialidosis[mucolipidosisⅠ],E77.1,V117,의료비(급여부분),미분류,[],,미분류,,
506,시클 증후군,Seckel syndrome,Q87.1,V158,의료비(급여부분),정형외과,"[""정형외과"", ""신경과""]",en_product3_181.xml; en_product3_199.xml,분류완료,808,Seckel syndrome
505,시트룰린혈증,Citrullinaemia,E72.2,V117,"의료비(급여부분), 특수분유 및 저단백즉석밥",미분류,[],,미분류,,
504,시프림-히츠-바이스 증후군,Sifrim-Hitz-Weiss syndrome,없음,V900,의료비(급여부분),신경과,"[""신경과""]",en_product3_181.xml,분류완료,653712,CHD4-related neurodevelopmental disorder
503,신경근육긴장[아이작스],Neuromyotonia[Isaacs],G71.1,V012,"의료비(급여부분), 간병비, 인공호흡기 및 기침유발기, 보조기기 구입비",미분류,[],,미분류,,
502,신경눈심장비뇨생식계 증후군,Neurooculocardiogenitourinary syndrome,없음,V900,의료비(급여부분),비뇨의학과,"[""비뇨의학과"", ""신경과"", ""심장내과/소아심장과"", ""안과""]",en_product3_148.xml; en_product3_181.xml; en_product3_185.xml; en_product3_189.xml,리뷰필요,684305,Neurooculocardiogenitourinary syndrome
501,신경병성 유전가족성 아밀로이드증,Neuropathic heredofamilial amyloidosis,E85.1,V121,의료비(급여부분),미분류,[],,미분류,,
500,신경섬유종증(비악성),Neurofibromatosis (nonmalignant),Q85.0,V156,의료비(급여부분),미분류,[],,미분류,,
499,"신경섬유종증(비악성) 1형, 2형","Neurofibromatosis(nonmalignant) type 1, type 2",Q85.0,V156,의료비(급여부분),미분류,[],,미분류,,
498,신경세포세로이드라이포푸스신증,Neuronal ceroid lipofuscinosis,E75.4,V117,의료비(급여부분),신경과,"[""신경과"", ""내분비대사내과"", ""안과""]",en_product3_150.xml; en_product3_181.xml; en_product3_189.xml,분류완료,216,Neuronal ceroid lipofuscinosis
497,신생아의 호흡곤란증후군,Respiratory distress syndrome of newborn,P22.0,V142,의료비(급여부분),미분류,[],,미분류,,
496,신세뇨관 발생이상,Renal tubular dysgenesis,없음,V900,의료비(급여부분),신장내과,"[""신장내과""]",en_product3_188.xml,분류완료,3033,Renal tubular dysgenesis
495,신세뇨관-간질성 장애을(를) 동반한 쉐그렌증후군,Sjogren’s syndrome with renal tubulo-interstitial disorder,M35.0,V139,의료비(급여부분),미분류,[],,미분류,,
494,신장 안결손 증후군,Renal coloboma syndrome,없음,V900,의료비(급여부분),신장내과,"[""신장내과"", ""안과""]",en_product3_188.xml; en_product3_189.xml,리뷰필요,1475,Renal coloboma syndrome
493,신장병증을 동반하는 다중심 수근골 족근골 골용해 증후군,Multicentric Carpo-tarsal Osteolysis with nephropathy syndrome,없음,V900,의료비(급여부분),미분류,[],,미분류,,
492,신장성 요붕증,Nephrogenic diabetes insipidus,N25.1,V141,의료비(급여부분),신장내과,"[""신장내과""]",en_product3_188.xml,분류완료,223,Arginine vasopressin resistance
491,신장침범 동반 전신홍반루푸스,Systemic lupus erythematosus with kidney involvement,M32.1,V136,의료비(급여부분),미분류,[],,미분류,,
490,심내막심근(열대성)섬유증,Endomyocardial(tropical) fibrosis,I42.3,V127,의료비(급여부분),미분류,[],,미분류,,
489,심내막심근(호산구성)병,Endomyocardial(eosinophilic) disease,I42.3,V127,의료비(급여부분),미분류,[],,미분류,,
488,심내막염 동반 전신홍반루푸스,Systemic lupus erythematosus with endocarditis,M32.1,V136,의료비(급여부분),미분류,[],,미분류,,
487,심내막융기결손,Endocardial cushion defect,Q21.2,V269,의료비(급여부분),미분류,[],,미분류,,
486,심내막탄력섬유증,Endocardial fibroelastosis,I42.4,V127,의료비(급여부분),심장내과/소아심장과,"[""심장내과/소아심장과""]",en_product3_146.xml,분류완료,2022,Endocardial fibroelastosis
485,심방부속물의 이성질현상,Isomerism of atrial appendages,Q20.6,V900,의료비(급여부분),미분류,[],,미분류,,
484,심실내번,Ventricular inversion,Q20.5,V144,의료비(급여부분),미분류,[],,미분류,,
483,심실대혈관연결불일치,Discordant ventriculoarterial connection,Q20.3,V144,의료비(급여부분),미분류,[],,미분류,,
482,심장글리코젠증,Cardiac glycogenosis,E74.0,V117,"의료비(급여부분), 간병비, 인공호흡기 및 기침유발기, 보조기기 구입비",미분류,[],,미분류,,
481,심장척추 카포얼굴 증후군,Cardiospondylocarpofacial syndrome,없음,V900,의료비(급여부분),이비인후과,"[""이비인후과""]",en_product3_200.xml,분류완료,3238,Cardiospondylocarpofacial syndrome
480,심한 림프선병증을 동반한 동조직구증,Sinus histiocytosis with massive lymph- adenopathy,D76.3,V110,의료비(급여부분),미분류,[],,미분류,,
479,아가미-귀-신장 증후군,Branchiootorenal syndrome,Q87.8,V900,의료비(급여부분),신장내과,"[""신장내과"", ""이비인후과"", ""정형외과"", ""치과/구강악안면외과""]",en_product3_188.xml; en_product3_199.xml; en_product3_200.xml; en_product3_209.xml,리뷰필요,107,BOR syndrome
478,아급성 괴사성 뇌병증[리이],Subacute necrotizing encephalopathy[Leigh],G31.81,V208,의료비(급여부분),미분류,[],,미분류,,
477,아급성 해면모양뇌병증,Subacute spongiform encephalopathy,A81.0,V102,의료비(급여부분),미분류,[],,미분류,,
476,아놀드-키아리증후군,Arnold-Chiari syndrome,Q07.0,V143,의료비(급여부분),미분류,[],,미분류,,
475,아데노신탈아미노효소결핍,Adenosine deaminase[ADA] deficiency,D81.3,V111,의료비(급여부분),미분류,[],,미분류,,
474,아르볼레다-탐 증후군[KAT6A 증후군],Arboleda-Tham syndrome[KAT6A syndrome],없음,V900,의료비(급여부분),미분류,[],,미분류,,
473,아르스코그 증후군,Aarskog syndrome,Q87.1,V158,의료비(급여부분),비뇨의학과,"[""비뇨의학과"", ""신경과""]",en_product3_181.xml; en_product3_185.xml,리뷰필요,915,Aarskog-Scott syndrome
472,아르지닌숙신산뇨,Argininosuccinic aciduria,E72.2,V117,"의료비(급여부분), 특수분유 및 저단백즉석밥",내분비대사내과,"[""내분비대사내과"", ""신경과""]",en_product3_150.xml; en_product3_181.xml,분류완료,23,Argininosuccinic aciduria
471,아르지닌혈증,Argininaemia,E72.2,V117,"의료비(급여부분), 특수분유 및 저단백즉석밥",미분류,[],,미분류,,
470,아미노산운반장애,Disorders of amino-acid transport,E72.0,V117,의료비(급여부분),미분류,[],,미분류,,
469,아밀로이드다발신경병증(포르투갈),Amyloid polyneuropathy(Portuguese),E85.1,V121,의료비(급여부분),신경과,"[""신경과""]",manual_primary_whitelist:신경병증,분류완료,,
468,아벨리노 각막디스트로피 (동형접합),Avellino corneal dystrophy (homozygous),H18.5,V900,의료비(급여부분),안과,"[""안과""]",manual_primary_whitelist:\bcorneal dystroph(y|ies)\b,분류완료,,
467,아스파르틸글루코사민뇨,Aspartylglucosaminuria,E77.1,V117,의료비(급여부분),내분비대사내과,"[""내분비대사내과"", ""신경과"", ""정형외과""]",en_product3_150.xml; en_product3_181.xml; en_product3_199.xml,분류완료,93,Aspartylglucosaminuria
466,아이메-그리프 증후군,Aymé-Gripp syndrome,없음,V900,의료비(급여부분),신경과,"[""신경과"", ""안과""]",en_product3_181.xml; en_product3_189.xml,리뷰필요,1272,Aymé-Gripp syndrome
465,아이소발레린산혈증,Isovaleric acidaemia,E71.1,V117,"의료비(급여부분), 특수분유 및 저단백즉석밥",미분류,[],,미분류,,
464,아이젠멘거결손,Eisenmenger’s defect,Q21.8,V226,의료비(급여부분),미분류,[],,미분류,,
463,아이젠멘거복합,Eisenmenger’s complex,I27.8,V226,의료비(급여부분),미분류,[],,미분류,,
462,아이젠멘거증후군,Eisenmenger’s syndrome,I27.8,V226,의료비(급여부분),미분류,[],,미분류,,
461,아이카디-구티에레스 증후군,Aicardi-Goutieres Syndrome,G31.88,V900,의료비(급여부분),신경과,"[""신경과"", ""류마티스내과/면역내과"", ""소아청소년과/의학유전학""]",en_product3_181.xml; en_product3_196.xml; en_product3_231.xml,분류완료,51,Aicardi-Goutières syndrome
460,아이펙스 증후군,IPEx syndrome,없음,V900,의료비(급여부분),미분류,[],,미분류,,
459,아텔로스테오제네시스,Atelosteogenesis,없음,V900,의료비(급여부분),미분류,[],,미분류,,
458,아황산염산화효소결핍,Sulfite oxidase deficiency,E72.1,V117,의료비(급여부분),미분류,[],,미분류,,
457,악센펠트-리이거 증후군,Axenfeld-Rieger syndrome,Q13.8,V900,의료비(급여부분),안과,"[""안과"", ""치과/구강악안면외과""]",en_product3_189.xml; en_product3_193.xml,리뷰필요,782,Axenfeld-Rieger syndrome
456,안데르센병,Andersen’s disease,E74.0,V117,"의료비(급여부분), 간병비, 인공호흡기 및 기침유발기, 보조기기 구입비, 옥수수전분",미분류,[],,미분류,,
455,안드로젠저항증후군,Androgen resistance syndrome,E34.5,V166,의료비(급여부분),내분비대사내과,"[""내분비대사내과"", ""비뇨의학과"", ""산부인과/생식의학""]",en_product3_185.xml; en_product3_193.xml; en_product3_201.xml; en_product3_205.xml,분류완료,754,Androgen insensitivity syndrome
454,안와의 림프관종,Orbit lymphangioma,D18.1,V900,의료비(급여부분),미분류,[],,미분류,,
453,안치지의 형성이상,Oculodentodigital dysplasia,Q87.0,V185,의료비(급여부분),미분류,[],,미분류,,
452,알라질증후군,Alagille’s syndrome,Q44.7,V900,의료비(급여부분),미분류,[],,미분류,,
451,알란-헌든-더들리 증후군,Allan-Herndon-Dudley syndrome,없음,V900,의료비(급여부분),신경과,"[""신경과"", ""내분비대사내과""]",en_product3_181.xml; en_product3_193.xml,분류완료,59,Allan-Herndon-Dudley syndrome
450,알렉산더 병,Alexander disease,없음,V900,의료비(급여부분),신경과,"[""신경과""]",en_product3_181.xml,분류완료,58,Alexander disease
449,알베르스-쇤베르그증후군,Albers-Schönberg syndrome,Q78.2,V229,의료비(급여부분),미분류,[],,미분류,,
448,알스트롬 증후군,Alstrom syndrome,Q87.8,V900,의료비(급여부분),미분류,[],,미분류,,
447,알캅톤뇨증,Alkaptonuria,E70.2,V117,"의료비(급여부분), 특수분유 및 저단백즉석밥",내분비대사내과,"[""내분비대사내과"", ""안과"", ""피부과""]",en_product3_150.xml; en_product3_187.xml; en_product3_189.xml,분류완료,56,Alkaptonuria
446,알파-1-항트립신결핍,α-1-Antitrypsin deficiency,E88.0,V900,의료비(급여부분),미분류,[],,미분류,,
445,알파지중해빈혈,Alpha thalassaemia,D56.0,V232,의료비(급여부분),미분류,[],,미분류,,
444,알포트 증후군,Alport syndrome,Q87.8,V267,의료비(급여부분),신장내과,"[""신장내과"", ""안과"", ""이비인후과""]",en_product3_188.xml; en_product3_189.xml; en_product3_200.xml,분류완료,63,Alport syndrome
443,애디슨발증,Addisonian crisis,E27.2,V116,의료비(급여부분),내분비대사내과,"[""내분비대사내과""]",en_product3_193.xml,분류완료,95409,Acute adrenal insufficiency
442,애디슨병,Addison’s disease,E27.1,V116,의료비(급여부분),미분류,[],,미분류,,
441,앤틀리-빅슬러 증후군,Antley-Bixler syndrome,없음,V900,의료비(급여부분),신경과,"[""신경과"", ""정형외과""]",en_product3_181.xml; en_product3_199.xml,리뷰필요,83,Antley-Bixler syndrome
440,야콥센 증후군(11장완 말단부 결손 증후군),Jacobsen syndrome(11q distal deletion syndrome),Q87.0,V900,의료비(급여부분),미분류,[],,미분류,,
439,얀스키-빌쇼스키병,Jansky-Bielschowsky’s disease,E75.4,V117,의료비(급여부분),미분류,[],,미분류,,
438,양성 점막유사천포창,Benign mucous membrane pemphigoid,L12.1,V212,의료비(급여부분),미분류,[],,미분류,,
437,양성[베커] 근디스트로피,Benign [Becker] muscular dystrophy,G71.0,V012,"의료비(급여부분), 간병비, 인공호흡기 및 기침유발기, 보조기기 구입비",미분류,[],,미분류,,
436,"양수과다증, 거대뇌증, 증상성 뇌전증 증후군","Polyhydramnios, megalencephaly, and symptomatic epilepsy syndrome [PMSE syndrome]",없음,V900,의료비(급여부분),신경과,"[""신경과""]",manual_primary_whitelist:\bepilepsy\b,분류완료,,
435,어깨고관절 점상 연골형성이상(1형-3형),Rhizomelic chondrodysplasia punctata(type 1-3),Q77.3,V228,의료비(급여부분),미분류,[],,미분류,,
434,어깨종아리 근디스트로피,Scapuloperoneal muscular dystrophy,G71.0,V012,"의료비(급여부분), 간병비, 인공호흡기 및 기침유발기, 보조기기 구입비",미분류,[],,미분류,,
433,어깨종아리형 척수성 근위축,Scapuloperoneal form spinal muscular atrophy,G12.1,V123,"의료비(급여부분), 간병비, 인공호흡기 및 기침유발기, 보조기기 구입비",미분류,[],,미분류,,
432,얼굴어깨팔 근디스트로피,Facioscapulohumeral muscular dystrophy,G71.0,V012,"의료비(급여부분), 간병비, 인공호흡기 및 기침유발기, 보조기기 구입비",신경과,"[""신경과""]",en_product3_181.xml,분류완료,269,Facioscapulohumeral dystrophy
431,얼브라이트(-맥쿤)(-스턴버그)증후군,Albright(-McCune)(-Sternberg) syndrome,Q78.1,V154,의료비(급여부분),미분류,[],,미분류,,
430,에드하임-체스터 병,Erdheim-Chester disease,없음,V900,의료비(급여부분),류마티스내과/면역내과,"[""류마티스내과/면역내과"", ""피부과""]",en_product3_187.xml; en_product3_196.xml,분류완료,35687,Erdheim-Chester disease
429,에반스증후군,Evans’ syndrome,D69.3,V188,의료비(급여부분),혈액종양내과,"[""혈액종양내과""]",en_product3_194.xml,분류완료,1959,Evans syndrome
428,에브스타인이상,Ebstein anomaly,Q22.5,V146,의료비(급여부분),미분류,[],,미분류,,
427,에필로이아,Epiloia,Q85.1,V204,의료비(급여부분),미분류,[],,미분류,,
426,엔젤만증후군,Angelman syndrome,Q93.5,V217,의료비(급여부분),신경과,"[""신경과""]",en_product3_181.xml,분류완료,72,Angelman syndrome
425,엘러스-단로스증후군,Ehlers-Danlos syndrome,Q79.6,V155,의료비(급여부분),류마티스내과/면역내과,"[""류마티스내과/면역내과"", ""피부과""]",en_product3_187.xml; en_product3_196.xml,분류완료,98249,Ehlers-Danlos syndrome
424,엘리스-반크레벨트증후군,Ellis-van Creveld syndrome,Q77.6,V228,의료비(급여부분),정형외과,"[""정형외과"", ""신장내과"", ""심장내과/소아심장과"", ""피부과"", ""호흡기내과""]",en_product3_148.xml; en_product3_184.xml; en_product3_187.xml; en_product3_188.xml; en_product3_199.xml,분류완료,289,Ellis Van Creveld syndrome
423,엠마누엘 증후군,Emanuel syndrome,없음,V900,의료비(급여부분),미분류,[],,미분류,96170,Emanuel syndrome
422,엡스타인-바르바이러스에 대한 유전성 결손반응에 따른 면역결핍,Immunodeficiency following hereditary defective response to Epstein-Barr virus,D82.3,V111,의료비(급여부분),미분류,[],,미분류,,
421,여성 한정 X-연관 증후군성 지적발달장애,"Intellectual developmental disorder, X-linked, syndromic, female-restricted",없음,V900,의료비(급여부분),미분류,[],,미분류,,
420,연골무발생증,Achondrogenesis,Q77.0,V228,의료비(급여부분),정형외과,"[""정형외과""]",en_product3_199.xml,분류완료,932,Achondrogenesis
419,연골무형성증,Achondroplasia,Q77.4,V228,의료비(급여부분),정형외과,"[""정형외과""]",en_product3_199.xml,분류완료,15,Achondroplasia
418,연골발생저하증,Hypochondrogenesis,Q77.0,V228,의료비(급여부분),정형외과,"[""정형외과""]",en_product3_199.xml,분류완료,93297,Hypochondrogenesis
417,연골외배엽형성이상,Chondroectodermal dysplasia,Q77.6,V228,의료비(급여부분),정형외과,"[""정형외과"", ""신장내과"", ""심장내과/소아심장과"", ""피부과"", ""호흡기내과""]",en_product3_148.xml; en_product3_184.xml; en_product3_187.xml; en_product3_188.xml; en_product3_199.xml,분류완료,289,Ellis Van Creveld syndrome
416,연골형성장애성 근긴장증,Chondrodystrophic myotonia,G71.1,V012,"의료비(급여부분), 간병비, 인공호흡기 및 기침유발기, 보조기기 구입비",미분류,[],,미분류,,
415,연골형성저하증,Hypochondroplasia,Q77.4,V228,의료비(급여부분),정형외과,"[""정형외과""]",en_product3_199.xml,분류완료,429,Hypochondroplasia
414,연소성 강직척추염,Juvenile ankylosing spondylitis,M08.1,V133,의료비(급여부분),미분류,[],,미분류,,
413,연소성 골연화증,Juvenile osteomalacia,E55.0,V207,의료비(급여부분),미분류,[],,미분류,,
412,연소성 다발동맥염,Juvenile polyarteritis,M30.2,V134,의료비(급여부분),미분류,[],,미분류,,
411,연소성 류마티스관절염,Juvenile rheumatoid arthritis,M08.0,V133,의료비(급여부분),미분류,[],,미분류,,
410,연소성 피부근염,Juvenile dermatomyositis,M33.0,V137,의료비(급여부분),류마티스내과/면역내과,"[""류마티스내과/면역내과"", ""소아청소년과/의학유전학"", ""신경과"", ""신장내과"", ""피부과"", ""호흡기내과""]",en_product3_181.xml; en_product3_184.xml; en_product3_187.xml; en_product3_188.xml; en_product3_196.xml; en_product3_231.xml,분류완료,93672,Juvenile dermatomyositis
409,연소형 GM₂-강글리오시드증,Juvenile GM₂gangliosidosis,E75.0,V117,의료비(급여부분),미분류,[],,미분류,,
408,"연소형, Ⅲ형[쿠겔베르그-벨란더] 척수성 근위축","Juvenile form, typeⅢ [Kugelberg-Welander] spinal muscular atrophy",G12.1,V123,"의료비(급여부분), 간병비, 인공호흡기 및 기침유발기, 보조기기 구입비",미분류,[],,미분류,,
407,열성[베커] 선천성 근긴장증,Recessive[Becker] myotonia congenita,G71.1,V012,"의료비(급여부분), 간병비, 인공호흡기 및 기침유발기, 보조기기 구입비",미분류,[],,미분류,,
406,염류소실 선천성 부신증식증,Salt-losing congenital adrenal hyperplasia,E25.0,V115,의료비(급여부분),미분류,[],,미분류,,
405,영아 무형성(순수)적혈구,"Aplasia, (pure) red cell (of) infants",D61.0,V023,의료비(급여부분),미분류,[],,미분류,,
404,영아 유전성 무과립구증,Infantile genetic agranulocytosis,D70,V108,의료비(급여부분),미분류,[],,미분류,,
403,영아골연화증,Infantile osteomalacia,E55.0,V207,의료비(급여부분),미분류,[],,미분류,,
402,영아기 발병 STING 연관 혈관증,STING associated vasculopahty with onset in infancy[SAVI],없음,V900,의료비(급여부분),미분류,[],,미분류,,
401,영아기 소뇌 망막변성,Infantile cerebellar retinal degeneration,없음,V900,의료비(급여부분),신경과,"[""신경과"", ""내분비대사내과"", ""안과""]",en_product3_150.xml; en_product3_181.xml; en_product3_189.xml,분류완료,313850,Infantile cerebellar-retinal degeneration
400,영아기의 비대성 신경병증,Hypertrophic neuropathy of infancy,G60.0,V169,"의료비(급여부분), 인공호흡기 및 기침유발기",신경과,"[""신경과""]",manual_primary_whitelist:\bneuropathy\b,분류완료,,
399,"영아척수성 근위축, I형[베르드니히-호프만]","Infantile spinal muscular atrophy, type Ⅰ[Werdnig-Hoffman]",G12.0,V123,"의료비(급여부분), 간병비, 인공호흡기 및 기침유발기, 보조기기 구입비",미분류,[],,미분류,,
398,오그덴 증후군,Ogden syndrome,없음,V900,의료비(급여부분),신경과,"[""신경과""]",en_product3_181.xml,분류완료,276432,Ogden syndrome
397,오도널-루리아-로단 증후군,O'Donnell-Luria-Rodan syndrome,없음,V900,의료비(급여부분),미분류,[],,미분류,,
396,오르니틴대사장애,Disorders of ornithine metabolism,E72.4,V117,"의료비(급여부분), 특수분유 및 저단백즉석밥",미분류,[],,미분류,,
395,오르니틴트랜스카바미라제결핍,Ornithine transcarbamylase deficiency,E72.4,V117,"의료비(급여부분), 특수분유 및 저단백즉석밥",내분비대사내과,"[""내분비대사내과"", ""신경과""]",en_product3_150.xml; en_product3_181.xml,분류완료,664,Ornithine transcarbamylase deficiency
394,"오르니틴혈증(Ⅰ, Ⅱ형)","Ornithinaemia (typesⅠ, Ⅱ)",E72.4,V117,"의료비(급여부분), 특수분유 및 저단백즉석밥",미분류,[],,미분류,,
393,오멘증후군,Omenn syndrome,D81.8,V111,의료비(급여부분),류마티스내과/면역내과,"[""류마티스내과/면역내과""]",en_product3_195.xml,분류완료,39041,Omenn syndrome
392,오우렌병,Owren’s disease,D68.2,V009,의료비(급여부분),미분류,[],,미분류,,
391,오쿠르-청 신경발달 증후군,Okur-Chung neurodevelopmental syndrome,없음,V900,의료비(급여부분),신경과,"[""신경과""]",en_product3_181.xml,분류완료,689422,Okur-Chung neurodevelopmental syndrome
390,옥살산뇨,Oxaluria,E74.8,V117,의료비(급여부분),미분류,[],,미분류,,
389,올리에르병,Ollier’s disease,Q78.4,V230,의료비(급여부분),미분류,[],,미분류,,
388,와이번메이슨증후군,Wyburn Mason syndrome,Q28.2,V900,의료비(급여부분),미분류,[],,미분류,,
387,요소회로대사장애,Disorders of urea cycle metabolism,E72.2,V117,"의료비(급여부분), 특수분유 및 저단백즉석밥",미분류,[],,미분류,,
386,요정증[랍슨-멘덴홀 증후군],Leprechaunism [Rabson-Mendenhall syndrome],E34.8,V900,의료비(급여부분),미분류,[],,미분류,,
385,용혈성 비구상적혈구성 (유전성) Ⅱ형 빈혈,"Haemolytic nonspherocytic (hereditary), type Ⅱ anaemia",D55.2,V164,의료비(급여부분),미분류,[],,미분류,,
384,우성[톰슨] 선천성 근긴장증,Dominant[Thomsen] myotonia congenita,G71.1,V012,"의료비(급여부분), 간병비, 인공호흡기 및 기침유발기, 보조기기 구입비",미분류,[],,미분류,,
383,"운동신경세포병(단, 기타 및 상세불명의 운동신경세포병(G12.28)은 제외)",Motor neuron disease,G12.2,V123,"의료비(급여부분), 간병비, 인공호흡기 및 기침유발기, 보조기기 구입비",신경과,"[""신경과""]",en_product3_181.xml,분류완료,98503,Motor neuron disease
382,워버그-시노티 증후군,Warburg-Cinotti syndrome,없음,V900,의료비(급여부분),미분류,[],,미분류,,
381,워커-워버그 증후군,Walker-Warburg syndrome,G71.2,V900,의료비(급여부분),미분류,[],,미분류,,
380,원발 진행형 다발경화증,Primary progressive multiple sclerosis,G35.1,V022,"의료비(급여부분), 간병비, 인공호흡기 및 기침유발기, 보조기기 구입비",미분류,[],,미분류,,
379,원발성 경화성 담관염,Primary sclerosing cholangitis,K83.00,V262,의료비(급여부분),소화기내과,"[""소화기내과""]",en_product3_183.xml,분류완료,171,Primary sclerosing cholangitis
378,원발성 담도 간경변증,Primary biliary cirrhosis,K74.3,V174,의료비(급여부분),소화기내과,"[""소화기내과""]",en_product3_183.xml,분류완료,186,Primary biliary cholangitis
377,원발성 무감마글로불린혈증,"Agammaglobulinemia, primary",D80.0,V111,의료비(급여부분),미분류,[],,미분류,,
376,원발성 무형성(순수)적혈구,"Aplasia, (pure) red cell (of) primary",D61.0,V023,의료비(급여부분),미분류,[],,미분류,,
375,원발성 부신피질부전,Primary adrenocortical insufficiency,E27.1,V116,의료비(급여부분),미분류,[],,미분류,,
374,원발성 파킨슨증 또는 파킨슨병,Primary Parkinsonism or Parkinson’s disease,G20,V124,의료비(급여부분),미분류,[],,미분류,,
373,원발성 폐동맥고혈압,Primary Pulmonary hypertension,I27.0,V202,의료비(급여부분),미분류,[],,미분류,,
372,원발성 한랭응집소병,Primary cold agglutinin disease,없음,V900,의료비(급여부분),미분류,[],,미분류,,
371,원위 척수성 근위축,Distal spinal muscular atrophy,G12.1,V123,"의료비(급여부분), 간병비, 인공호흡기 및 기침유발기, 보조기기 구입비",미분류,[],,미분류,,
370,원위성 근디스트로피,Distal muscular dystrophy,G71.0,V012,"의료비(급여부분), 간병비, 인공호흡기 및 기침유발기, 보조기기 구입비",미분류,[],,미분류,,
369,원위장폐쇄증후군,Distal intestinal obstruction syndrome,E84.1,V120,의료비(급여부분),미분류,[],,미분류,,
368,원추각막,Keratoconus,H18.6,V307,의료비(급여부분),안과,"[""안과""]",manual_primary_whitelist:\bkeratoconus\b,분류완료,,
367,월만병,Wolman’s disease,E75.5,V117,의료비(급여부분),미분류,[],,미분류,,
366,월프-허쉬호른증후군,Wolff-Hirschorn syndrome,Q93.3,V900,의료비(급여부분),미분류,[],,미분류,,
365,웨스트증후군,West’s syndrome,G40.4,V233,의료비(급여부분),미분류,[],,미분류,,
364,위버 증후군,Weaver syndrome,Q87.3,V244,의료비(급여부분),신경과,"[""신경과"", ""정형외과""]",en_product3_181.xml; en_product3_199.xml,리뷰필요,3447,Weaver syndrome
363,윌리엄스 증후군,William’s syndrome,Q93.5,V217,의료비(급여부분),미분류,[],,미분류,,
362,윌슨병,Wilson’s disease,E83.0,V119,의료비(급여부분),미분류,[],,미분류,,
361,유전성 강직성 하반신마비,Hereditary spastic paraplegia,G11.4,V123,"의료비(급여부분), 간병비, 인공호흡기 및 기침유발기, 보조기기 구입비",신경과,"[""신경과""]",en_product3_181.xml,분류완료,685,Hereditary spastic paraplegia
360,유전성 근육병증 NOS,Hereditary myopathy NOS,G71.9,V012,"의료비(급여부분), 간병비, 인공호흡기 및 기침유발기, 보조기기 구입비",미분류,[],,미분류,,
359,유전성 다발외골증,Hereditary multiple exostoses,Q78.6,V242,의료비(급여부분),미분류,[],,미분류,,
358,유전성 림프부종,Hereditary lymphoedema,Q82.0,V900,의료비(급여부분),미분류,[],,미분류,,
357,유전성 만성 췌장염,Hereditary chronic pancreatitis,없음,V900,의료비(급여부분),미분류,[],,미분류,,
356,유전성 소뇌의 변성,Hereditary cerebellar degeneration,G11.9,V123,"의료비(급여부분), 간병비, 인공호흡기 및 기침유발기, 보조기기 구입비",미분류,[],,미분류,,
355,유전성 소뇌의 병,Hereditary cerebellar disease,G11.9,V123,"의료비(급여부분), 간병비, 인공호흡기 및 기침유발기, 보조기기 구입비",미분류,[],,미분류,,
354,유전성 소뇌의 운동실조 NOS,Hereditary cerebellar ataxia NOS,G11.9,V123,"의료비(급여부분), 간병비, 인공호흡기 및 기침유발기, 보조기기 구입비",신경과,"[""신경과""]",manual_primary_whitelist:\bataxia\b,분류완료,,
353,유전성 소뇌의 증후군,Hereditary cerebellar syndrome,G11.9,V123,"의료비(급여부분), 간병비, 인공호흡기 및 기침유발기, 보조기기 구입비",미분류,[],,미분류,,
352,유전성 아밀로이드 신장병증,Hereditary amyloid nephropathy,E85.0,V121,의료비(급여부분),신장내과,"[""신장내과"", ""류마티스내과/면역내과""]",en_product3_188.xml; en_product3_196.xml,분류완료,85450,Hereditary amyloidosis with primary renal involvement
351,유전성 운동 및 감각 신경병증,Hereditary motor and sensory neuropathy,G60.0,V169,"의료비(급여부분), 인공호흡기 및 기침유발기",신경과,"[""신경과""]",manual_primary_whitelist:\bneuropathy\b,분류완료,,
350,유전성 운동 및 감각 신경병증 I-IV형,"Hereditary motor and sensory neuropathy, types I-IV",G60.0,V169,"의료비(급여부분), 인공호흡기 및 기침유발기",신경과,"[""신경과""]",manual_primary_whitelist:\bneuropathy\b,분류완료,,
349,유전성 저감마글로불린혈증,Hereditary hypogammaglobulinaemia,D80.0,V111,의료비(급여부분),미분류,[],,미분류,,
348,유전성 제11인자결핍,Hereditary factor ⅩⅠ deficiency,D68.1,V009,의료비(급여부분),미분류,[],,미분류,,
347,유전성 제8인자결핍,Hereditary factor Ⅷ deficiency,D66,V009,의료비(급여부분),미분류,[],,미분류,,
346,유전성 제9인자결핍,Hereditary factor Ⅸ deficiency,D67,V009,의료비(급여부분),미분류,[],,미분류,,
345,유전성 출혈성 모세혈관확장증,Hereditary haemorrhagic telangiectasia,I78.0,V297,의료비(급여부분),미분류,[],,미분류,,
344,유전성 코프로포르피린증,Hereditary coproporphyria,E80.2,V118,의료비(급여부분),내분비대사내과,"[""내분비대사내과"", ""소화기내과"", ""신경과"", ""신장내과"", ""피부과""]",en_product3_150.xml; en_product3_181.xml; en_product3_183.xml; en_product3_187.xml; en_product3_188.xml,분류완료,79273,Hereditary coproporphyria
343,유전성 혈소판감소증,Hereditary thrombocytopenia,D69.4,V900,의료비(급여부분),미분류,[],,미분류,,
342,유황함유아미노산대사장애,Disorders of sulfur-bearing amino-acid metabolism,E72.1,V117,"의료비(급여부분), 특수분유 및 저단백즉석밥",미분류,[],,미분류,,
341,윤활막염-여드름-농포증-골염 증후군,Synovitis-acne-pustulosis-hyperostosis-osteitis syndrome,없음,V900,의료비(급여부분),류마티스내과/면역내과,"[""류마티스내과/면역내과"", ""소아청소년과/의학유전학"", ""피부과""]",en_product3_187.xml; en_product3_196.xml; en_product3_231.xml,분류완료,793,SAPHO syndrome
340,이분요천추 NOS,Lumbosacral spina bifida NOS,Q05.7,V179,의료비(급여부분),미분류,[],,미분류,,
339,이분척추 NOS,Dorsal spina bifida NOS,Q05.6,V179,의료비(급여부분),미분류,[],,미분류,,
338,이분흉요추 NOS,Thoracolumbar spina bifida NOS,Q05.6,V179,의료비(급여부분),미분류,[],,미분류,,
337,이상조혈성 빈혈(선천성),Dyshaematopoietic anaemia(congenital),D64.4,V220,의료비(급여부분),미분류,[],,미분류,,
336,이상피브리노젠혈증(선천성),Dysfibrinogenaemia (congenital),D68.2,V009,의료비(급여부분),미분류,[],,미분류,,
335,이상형태성 얼굴 및 원위 골 이상을 동반한 신경발달 장애,Neurodevelopmental disorder with dysmorphic facies and distal skeletal anomalies,없음,V900,의료비(급여부분),미분류,[],,미분류,,
334,이상형태성 얼굴 및 자폐증을 동반 또는 동반하지 않는 발달지연,Developmental delay with or without dysmorphic facies and autism,없음,V900,의료비(급여부분),미분류,[],,미분류,,
333,이소성 부신피질자극호르몬증후군,Ectopic ACTH syndrome,E24.3,V114,의료비(급여부분),미분류,[],,미분류,,
332,이염성 백질디스트로피,Metachromatic leukodystrophy,E75.2,V117,의료비(급여부분),신경과,"[""신경과"", ""내분비대사내과"", ""안과""]",en_product3_150.xml; en_product3_181.xml; en_product3_189.xml,분류완료,512,Metachromatic leukodystrophy
331,이완불능증,Achalasia,K22.0,V315,의료비(급여부분),미분류,[],,미분류,,
330,이중출구우심실,Double outlet right ventricle,Q20.1,V144,의료비(급여부분),심장내과/소아심장과,"[""심장내과/소아심장과""]",en_product3_148.xml,분류완료,3426,Double outlet right ventricle
329,이중출구좌심실,Double outlet left ventricle,Q20.2,V144,의료비(급여부분),심장내과/소아심장과,"[""심장내과/소아심장과""]",en_product3_148.xml,분류완료,3427,Double outlet left ventricle
328,이차 진행형 다발경화증,Secondary progressive multiple sclerosis,G35.2,V022,"의료비(급여부분), 간병비, 인공호흡기 및 기침유발기, 보조기기 구입비",미분류,[],,미분류,,
327,이첨대동맥판막,Bicuspid aortic valve,Q23.1,V147,의료비(급여부분),미분류,[],,미분류,,
326,인대사 및 인산분해효소 장애,Disorders of phosphorus metabolism and phosphatases,E83.3,V189,의료비(급여부분),미분류,[],,미분류,,
325,인두낭증후군,Pharyngeal pouch syndrome,D82.1,V111,의료비(급여부분),미분류,[],,미분류,,
324,일스 병,Eales’ disease,H35.0,V900,의료비(급여부분),안과,"[""안과""]",en_product3_189.xml,분류완료,40923,Eales disease
323,일차성 색소성 결절성 부신피질 질환,Primary pigmented nodular adrenocortical disease,없음,V900,의료비(급여부분),미분류,[],,미분류,,
322,일차성 코엔자임 큐텐 신증,primary coenzyme Q10 nephropathy,없음,V900,의료비(급여부분),미분류,[],,미분류,,
321,입-얼굴-손발 증후군,Oro-facial-digital syndrome,Q87.0,V185,의료비(급여부분),미분류,[],,미분류,,
320,자가면역 뇌염,Autoimmune encephalitis,G04.8,V900,의료비(급여부분),미분류,[],,미분류,,
319,자가면역 림프증식 증후군,Autoimmune lymphoproliferative syndrome,없음,V900,의료비(급여부분),류마티스내과/면역내과,"[""류마티스내과/면역내과"", ""혈액종양내과""]",en_product3_194.xml; en_product3_195.xml; en_product3_202.xml,리뷰필요,3261,Autoimmune lymphoproliferative syndrome
318,자가면역성 간염,Autoimmune hepatitis,K75.4,V175,의료비(급여부분),소화기내과,"[""소화기내과""]",en_product3_183.xml,분류완료,2137,Autoimmune hepatitis
317,자가면역성 부신염,Autoimmune adrenalitis,E27.1,V116,의료비(급여부분),내분비대사내과,"[""내분비대사내과""]",en_product3_193.xml,분류완료,85138,Addison disease
316,자폐증 혹은 경련이 있거나 없는 신경발달장애(CUL3 관련),Neurodevelopmental disorder with or without autism or seizures,없음,V900,의료비(급여부분),미분류,[],,미분류,,
315,잠두중독,Favism,D55.0,V163,의료비(급여부분),미분류,[],,미분류,,
314,잠복안구증후군,Cryptophthalmos syndrome,Q87.0,V185,의료비(급여부분),안과,"[""안과""]",,미분류,,
313,장림프관확장증,Intestinal lymphangiectasia,없음,V900,의료비(급여부분),소화기내과,"[""소화기내과""]",en_product3_152.xml,분류완료,36204,Intestinal lymphangiectasia
312,장병성 말단피부염,Acrodermatitis enteropathica,E83.2,V900,의료비(급여부분),피부과,"[""피부과"", ""내분비대사내과"", ""소화기내과""]",en_product3_150.xml; en_product3_152.xml; en_product3_187.xml,분류완료,37,Acrodermatitis enteropathica
311,장쇄수산화아실코에이탈수소효소결핍증(VLCAD),Very long chain acyl-CoA dehydrogenase(VLCAD) deficiency,E71.3,V117,의료비(급여부분),미분류,[],,미분류,,
310,장증상을 동반한 낭성 섬유증,Cystic fibrosis with intestinal manifestations,E84.1,V120,의료비(급여부분),미분류,[],,미분류,,
309,재발 완화형 다발경화증,Relapsing-remitting multiple sclerosis,G35.0,V022,"의료비(급여부분), 간병비, 인공호흡기 및 기침유발기, 보조기기 구입비",미분류,[],,미분류,,
308,재발성 다발연골염,Relapsing polychondritis,M94.1,V178,의료비(급여부분),류마티스내과/면역내과,"[""류마티스내과/면역내과"", ""신장내과"", ""안과""]",en_product3_188.xml; en_product3_189.xml; en_product3_196.xml,분류완료,728,Relapsing polychondritis
307,재발성 지방층염[웨버-크리스찬],Relapsing panniculitis[Weber-Christian],M35.6,V139,의료비(급여부분),미분류,[],,미분류,,
306,재조합 8번 염색체 증후군,Recombinant chromosome 8 syndrome,없음,V901,의료비(급여부분),미분류,[],,미분류,96167,Recombinant 8 syndrome
305,저감마글로불린혈증 NOS,Hypogammaglobulinaemia NOS,D80.1,V111,의료비(급여부분),미분류,[],,미분류,,
304,"저긴장, 발작, 언어결여를 동반한 신경발달장애(HECW2관련)","Neurodevelopmental Disorders with hypotonia,seizure and absent language(HECW2)",없음,V900,의료비(급여부분),미분류,[],,미분류,,
303,"저긴장, 운동실조 그리고 발달지연 증후군(EBF3 관련)","Hypotonia, ataxia and delayed development syndrome",없음,V900,의료비(급여부분),신경과,"[""신경과""]",manual_primary_whitelist:\bataxia\b,분류완료,,
302,"저신장, 손발톱뼈형성이상, 안면이상형태증, 털감소증 증후군 [SOFT 증후군]","Short stature, onychodysplasia, facial dysmorphism, hypotrichosis syndrome [SOFT syndrome]",없음,V900,의료비(급여부분),미분류,[],,미분류,,
301,저알도스테론증,Hypoaldosteronism,E27.4,V116,의료비(급여부분),미분류,[],,미분류,,
300,저인산효소증,Hypophosphatasia,E83.3,V189,의료비(급여부분),정형외과,"[""정형외과""]",en_product3_199.xml,분류완료,436,Hypophosphatasia
299,저프로콘버틴혈증,Hypoproconvertinaemia,D68.2,V009,의료비(급여부분),미분류,[],,미분류,,
298,저형성빈혈 NOS,Hypoplastic anaemia NOS,D61.9,V023,의료비(급여부분),미분류,[],,미분류,,
297,전신농포건선,Generalized pustular psoriasis,L40.1,V313,의료비(급여부분),피부과,"[""피부과""]",en_product3_187.xml,분류완료,247353,Generalized pustular psoriasis
296,전신성 모세혈관 누출 증후군,Systemic capillary leak syndrome,없음,V900,의료비(급여부분),류마티스내과/면역내과,"[""류마티스내과/면역내과""]",en_product3_196.xml,분류완료,188,Systemic capillary leak syndrome
295,전신성(∼의) 다발경화증,Multiple sclerosis (of) generalized,G35,V022,"의료비(급여부분), 간병비, 인공호흡기 및 기침유발기, 보조기기 구입비",미분류,[],,미분류,,
294,전신적으로 발병된 연소성 관절염,Juvenile arthritis with systemic onset,M08.2,V133,의료비(급여부분),미분류,[],,미분류,,
293,전신홍반루푸스에서의 근병증,Myopathy in systemic lupus erythematosus,M32.1,V136,의료비(급여부분),미분류,[],,미분류,,
292,전신홍반루푸스에서의 뇌염,Encephalitis in systemic lupus erythematosus,M32.1,V136,의료비(급여부분),미분류,[],,미분류,,
291,전신홍반루푸스에서의 대뇌동맥염,Cerebral arteritis in systemic lupus erythematosus,M32.1,V136,의료비(급여부분),미분류,[],,미분류,,
290,전전뇌증(全前腦症),Holoprosencephaly,Q04.2,V900,의료비(급여부분),내분비대사내과,"[""내분비대사내과"", ""신경과""]",en_product3_181.xml; en_product3_193.xml,리뷰필요,2162,Holoprosencephaly
289,전폐정맥결합이상,Total anomalous pulmonary venous connection,Q26.2,V150,의료비(급여부분),미분류,[],,미분류,,
288,점상 연골형성이상,Chondrodysplasia punctata,Q77.3,V228,의료비(급여부분),미분류,[],,미분류,,
287,정성적 혈소판결손,Qualitative platelet defects,D69.1,V106,의료비(급여부분),미분류,[],,미분류,,
286,제10인자[스튜어트-프라워]의 결핍,Ⅹ[Stuart-Prower] deficiency of factor,D68.2,V009,의료비(급여부분),미분류,[],,미분류,,
285,제12인자[하게만]의 결핍,ⅩⅡ[Hageman] deficiency of factor,D68.2,V009,의료비(급여부분),미분류,[],,미분류,,
284,제13인자[피브린안정화]의 결핍,ⅩⅢ[Fibrin-stabilizing] deficiency of factor,D68.2,V009,의료비(급여부분),미분류,[],,미분류,,
283,제1공심방중격결손(Ⅰ형),Ostium primum atrial septal defect (type Ⅰ),Q21.2,V269,의료비(급여부분),미분류,[],,미분류,,
282,제1인자[피브리노젠]의 결핍,Ⅰ[Fibrinogen] deficiency of factor,D68.2,V009,의료비(급여부분),미분류,[],,미분류,,
281,제2인자[프로트롬빈]의 결핍,Ⅱ[Prothrombin] deficiency of factor,D68.2,V009,의료비(급여부분),미분류,[],,미분류,,
280,제5인자[불안정]의 결핍,Ⅴ[Labile] deficiency of factor,D68.2,V009,의료비(급여부분),미분류,[],,미분류,,
279,제7인자[안정]의 결핍,Ⅶ[Stable] deficiency of factor,D68.2,V009,의료비(급여부분),미분류,[],,미분류,,
278,제8인자결핍(기능적 결함을 동반),Deficiency factor Ⅷ (with functional defect),D66,V009,의료비(급여부분),미분류,[],,미분류,,
277,제9인자결핍(기능적 결함을 동반),Factor Ⅸ deficiency (with functional defect),D67,V009,의료비(급여부분),미분류,[],,미분류,,
276,젤레오피직 이형성증,Geleophysic dysplasia,없음,V900,의료비(급여부분),정형외과,"[""정형외과""]",en_product3_199.xml,분류완료,2623,Geleophysic dysplasia
275,젤웨거 증후군,Zellweger syndrome,Q87.8,V267,의료비(급여부분),내분비대사내과,"[""내분비대사내과"", ""소화기내과"", ""신경과"", ""신장내과"", ""안과""]",en_product3_150.xml; en_product3_181.xml; en_product3_183.xml; en_product3_188.xml; en_product3_189.xml,분류완료,912,Zellweger syndrome
274,조기발병 소뇌성 운동실조(발병은 보통 20세 이전),Early-onset cerebellar ataxia(Onset usually before the age of 20),G11.1,V123,"의료비(급여부분), 간병비, 인공호흡기 및 기침유발기, 보조기기 구입비",신경과,"[""신경과""]",manual_primary_whitelist:\bataxia\b,분류완료,,
273,조기수축을 동반하는 양성 어깨종아리[에머리-드라이프스] 근디스트로피,Benign scapuloperoneal with early contractures [Emery-Dreifuss] muscular dystrophy,G71.0,V012,"의료비(급여부분), 간병비, 인공호흡기 및 기침유발기, 보조기기 구입비",미분류,[],,미분류,,
272,조로증,Progeria,E34.8,V166,의료비(급여부분),정형외과,"[""정형외과"", ""피부과""]",en_product3_187.xml; en_product3_199.xml,리뷰필요,740,Hutchinson-Gilford progeria syndrome
271,조직흑갈병,Ochronosis,E70.2,V117,"의료비(급여부분), 특수분유 및 저단백즉석밥",미분류,[],,미분류,,
270,종양 괴사 인자 수용체와 관련된 주기성 증후군,Tumor necrosis factor receptor- associated periodic syndrome,없음,V900,의료비(급여부분),미분류,[],,미분류,,
269,좌상대정맥존속,Persistent left superior vena cava,Q26.1,V150,의료비(급여부분),미분류,[],,미분류,,
268,좌측 결장염,Left side colitis,K51.5,V131,의료비(급여부분),미분류,[],,미분류,,
267,좌측전위,Laevotransposition,Q20.5,V144,의료비(급여부분),미분류,[],,미분류,,
266,주기마비(가족성) 저칼륨혈성,Hypokalaemic periodic paralysis (familial),G72.3,V258,의료비(급여부분),미분류,[],,미분류,,
265,주기성 호중구감소,Periodic neutropenia,D70,V108,의료비(급여부분),미분류,[],,미분류,,
264,주로 단신과 관련된 선천기형증후군,Congenital malformation syndromes predominantly associated with short stature,Q87.1,V158,의료비(급여부분),미분류,[],,미분류,,
263,주로 얼굴형태에 영향을 주는 선천기형증후군,Congenital malformation syndromes predominantly affecting facial appearance,Q87.0,V185,의료비(급여부분),미분류,[],,미분류,,
262,주버트 증후군,Joubert syndrome,Q04.3,V900,의료비(급여부분),미분류,[],,미분류,,
261,주조직적합성복합체I형결핍,Major histocompatibility complex class I deficiency,D81.6,V111,의료비(급여부분),미분류,[],,미분류,,
260,주조직적합성복합체Ⅱ형결핍,Major histocompatibility complex class Ⅱ deficiency,D81.7,V111,의료비(급여부분),미분류,[],,미분류,,
259,중간형 지중해빈혈,Intermedia thalassaemia,D56.1,V232,의료비(급여부분),미분류,[],,미분류,,
258,중심핵 병,Central core disease,G71.2,V012,"의료비(급여부분), 간병비, 인공호흡기 및 기침유발기, 보조기기 구입비",신경과,"[""신경과""]",en_product3_181.xml,분류완료,597,Central core disease
257,중증 베타지중해빈혈,Severe beta thalassaemia,D56.1,V232,의료비(급여부분),미분류,[],,미분류,,
256,중증 지중해빈혈,Major thalassaemia,D56.1,V232,의료비(급여부분),미분류,[],,미분류,,
255,중증 화농성 한선염,"Hidradenitis suppurativa, severe",L73.22,V309,의료비(급여부분),미분류,[],,미분류,,
254,중증[뒤쉔] 근디스트로피,Severe[Duchenne] muscular dystrophy,G71.0,V012,"의료비(급여부분), 간병비, 인공호흡기 및 기침유발기, 보조기기 구입비",미분류,[],,미분류,,
253,중증근무력증,Myasthenia gravis,G70.0,V012,"의료비(급여부분), 인공호흡기 및 기침유발기",신경과,"[""신경과"", ""안과""]",en_product3_181.xml; en_product3_189.xml,분류완료,589,Myasthenia gravis
252,중증복합면역결핍장애 NOS,Severe combined immunodeficiency disorder [SCID]) NOS,D81.9,V111,의료비(급여부분),미분류,[],,미분류,,
251,중추신경계통 저수초를 동반한 소아기 운동실조,Childhood ataxia with central nervous system hypomyelination,E75.2,V900,의료비(급여부분),신경과,"[""신경과""]",manual_primary_whitelist:\bataxia\b,분류완료,,
250,중추신경계통의 원발성 혈관염,Primary angiitis of central nervous system (PACNS),없음,V900,의료비(급여부분),미분류,[],,미분류,,
249,증상성 근긴장증,Symptomatic myotonia,G71.1,V012,"의료비(급여부분), 간병비, 인공호흡기 및 기침유발기, 보조기기 구입비",미분류,[],,미분류,,
248,지대 근디스트로피,Limb-girdle muscular dystrophy,G71.0,V012,"의료비(급여부분), 간병비, 인공호흡기 및 기침유발기, 보조기기 구입비",미분류,[],,미분류,,
247,지방산대사장애,Disorders of fatty-acid metabolism,E71.3,V117,"의료비(급여부분), 간병비",미분류,[],,미분류,,
246,지아-깁스 증후군,Xia-Gibbs syndrome,없음,V900,의료비(급여부분),신경과,"[""신경과""]",en_product3_181.xml,분류완료,412069,AHDC1-related intellectual disability-obstructive sleep apnea-mild dysmorphism syndrome
245,"지적 발달 장애, X 연관 증후군 14 (UPF3B 유전자 관련)","Intellectual developmental disorder, X-linked syndromic 14(UPF3B gene related)",없음,V900,의료비(급여부분),미분류,[],,미분류,,
244,지적발달장애 보통염색체 우성 23,"Intellectual developmental disorder, autosomal dominant 23",없음,V900,의료비(급여부분),미분류,[],,미분류,,
243,지중해빈혈 소질,Thalassaemia trait,D56.3,V232,의료비(급여부분),미분류,[],,미분류,,
242,지질단백질 라이페이스 결핍,Lipoprotein lipase deficiency,없음,V900,의료비(급여부분),미분류,[],,미분류,,
241,지텔만 증후군,Gitelman syndrome,없음,V900,의료비(급여부분),신장내과,"[""신장내과""]",en_product3_188.xml,분류완료,358,Gitelman syndrome
240,진행성 가족성 간내 담즙정체,Progressive familial intrahepatic cholestasis,E80.6,V900,의료비(급여부분),미분류,[],,미분류,,
239,진행성 골화섬유형성이상,Fibrodysplasia ossificans progressiva,M61.1,V224,의료비(급여부분),정형외과,"[""정형외과"", ""신경과"", ""피부과""]",en_product3_181.xml; en_product3_187.xml; en_product3_199.xml,분류완료,337,Fibrodysplasia ossificans progressiva
238,진행성 전신경화증,Progressive systemic sclerosis,M34.0,V138,의료비(급여부분),미분류,[],,미분류,,
237,진행성 패혈성 육아종증,Progressive septic granulomatosis,D71,V109,의료비(급여부분),미분류,[],,미분류,,
236,진행성 핵상안근마비 [스틸-리차드슨-올스제위스키],Progressive supranuclear ophthalmoplegia [Steele-Richardson-Olszewski],G23.1,V190,의료비(급여부분),미분류,[],,미분류,,
235,질식성 흉부형성이상[쥐느],Asphyxiating thoracic dysplasia[Jeune],Q77.2,V228,의료비(급여부분),미분류,[],,미분류,,
234,짧은늑골증후군,Short rib syndrome,Q77.2,V228,의료비(급여부분),미분류,[],,미분류,,
233,짧은사지체구를 동반한 면역결핍,Immunodeficiency with short-limbed stature,D82.2,V111,의료비(급여부분),미분류,[],,미분류,,
232,척수(∼의) 다발경화증,Multiple sclerosis (of) cord,G35,V022,"의료비(급여부분), 간병비, 인공호흡기 및 기침유발기, 보조기기 구입비",미분류,[],,미분류,,
231,척수공동증 및 연수공동증,Syringomyelia and syringobulbia,G95.0,V172,의료비(급여부분),미분류,[],,미분류,,
230,척수이개증,Diastematomyelia,Q06.2,V180,의료비(급여부분),신경과,"[""신경과""]",en_product3_181.xml,분류완료,1671,Split cord malformation type I
229,척추골단형성이상,Spondyloepiphyseal dysplasia,Q77.7,V228,의료비(급여부분),미분류,[],,미분류,,
228,철불응성 철결핍성 빈혈,Iron-refractory iron deficiency anemia,없음,V900,의료비(급여부분),혈액종양내과,"[""혈액종양내과""]",en_product3_194.xml,분류완료,209981,IRIDA syndrome
227,첨두다지유합증,Acrocephalopolysyndactyly,Q87.0,V185,의료비(급여부분),미분류,[],,미분류,,
226,첨두유합지증,Acrocephalosyndactyly(Apert),Q87.0,V185,의료비(급여부분),미분류,[],,미분류,,
225,청-얀선 증후군,Chung-Jansen syndrome,없음,V900,의료비(급여부분),정형외과,"[""정형외과"", ""내분비대사내과"", ""신경과""]",en_product3_181.xml; en_product3_193.xml,분류완료,589905,PHIP-related behavioral problems-intellectual disability-obesity-dysmorphic features syndrome
224,"청력소실, 귀이상 혹은 발달지연이 동반되거나 동반되지 않는 선천성 신장 이상 및 요로 증후군(PBX1 관련)","Congenital anomalies of kidney and urinary tract syndrome with or without hearing loss, abnormal ears, or developmental delay(PBX1 related)",없음,V900,의료비(급여부분),미분류,[],,미분류,,
223,체디아크(-스타인브링크)-히가시증후군,Chediak(-Steinbrinck)-Higashi syndrome,E70.3,V117,의료비(급여부분),미분류,[],,미분류,,
222,체질성 무형성빈혈,Constitutional aplastic anaemia,D61.0,V023,의료비(급여부분),미분류,[],,미분류,,
221,초점성 및 분절성 경화증을 동반한 신증후군,Nephrotic syndrome with focal and segmental sclerosis,N04.1,V263,의료비(급여부분),미분류,[],,미분류,,
220,초점성 및 분절성 사구체병변을 동반한 신증후군,Nephrotic syndrome with focal and segmental glomerular lesions,N04.1,V263,의료비(급여부분),미분류,[],,미분류,,
219,초점성 및 분절성 유리질증을 동반한 신증후군,Nephrotic syndrome with focal and segmental hyalinosis,N04.1,V263,의료비(급여부분),미분류,[],,미분류,,
218,초점성 사구체신염을 동반한 신증후군,Nephrotic syndrome with focal glomerulonephritis,N04.1,V263,의료비(급여부분),미분류,[],,미분류,,
217,초프라-아미엘-고든 증후군,Chopra-Amiel-Gordon syndrome,없음,V900,의료비(급여부분),미분류,[],,미분류,717823,Global developmental delay-recurrent infections-facial dysmorphism syndrome
216,촙스 증후군,CHOPS syndrome,없음,V900,의료비(급여부분),내분비대사내과,"[""내분비대사내과"", ""신경과"", ""심장내과/소아심장과""]",en_product3_148.xml; en_product3_181.xml; en_product3_193.xml,리뷰필요,444077,Cognitive impairment-coarse facies-heart defects-obesity-pulmonary involvement-short stature-skeletal dysplasia syndrome
215,총동맥간,Common arterial trunk,Q20.0,V144,의료비(급여부분),심장내과/소아심장과,"[""심장내과/소아심장과""]",en_product3_148.xml,분류완료,3384,Common arterial trunk
214,총방실관,Common atrioventricular canal,Q21.2,V269,의료비(급여부분),미분류,[],,미분류,,
213,촤지 증후군,CHARGE syndrome,Q87.8,V267,의료비(급여부분),내분비대사내과,"[""내분비대사내과"", ""류마티스내과/면역내과"", ""비뇨의학과"", ""산부인과/생식의학"", ""신경과"", ""신장내과"", ""심장내과/소아심장과"", ""안과"", ""이비인후과"", ""치과/구강악안면외과""]",en_product3_148.xml; en_product3_181.xml; en_product3_185.xml; en_product3_188.xml; en_product3_189.xml; en_product3_193.xml; en_product3_195.xml; en_product3_200.xml; en_product3_201.xml; en_product3_205.xml; en_product3_209.xml,리뷰필요,138,CHARGE syndrome
212,최소변화병변을 동반한 신증후군,Nephrotic syndrome with minimal change lesion,N04.0,V263,의료비(급여부분),미분류,[],,미분류,,
211,축삭 회전타원체 및 색소침착된 아교세포를 동반한 성인-발병 백질뇌병증(ALSP),Adult-onset leukoencephalopathy with axonal spheroids and pigmented glia (ALSP),없음,V900,의료비(급여부분),미분류,[],,미분류,,
210,취약X증후군,Fragile X syndrome,Q99.2,V245,의료비(급여부분),내분비대사내과,"[""내분비대사내과"", ""신경과"", ""안과""]",en_product3_181.xml; en_product3_189.xml; en_product3_193.xml,리뷰필요,908,Fragile X syndrome
209,층판비늘증,Lamellar ichthyosis,Q80.2,V900,의료비(급여부분),피부과,"[""피부과"", ""안과""]",en_product3_187.xml; en_product3_189.xml,분류완료,313,Lamellar ichthyosis
208,치사성 단신,Thanatophoric short stature,Q77.1,V228,의료비(급여부분),미분류,[],,미분류,,
207,치사성 수포성 표피박리증,Epidermolysis bullosa letalis,Q81.1,V184,의료비(급여부분),피부과,"[""피부과"", ""안과"", ""치과/구강악안면외과""]",en_product3_187.xml; en_product3_189.xml; en_product3_197.xml,분류완료,79404,Severe generalized junctional epidermolysis bullosa
206,치상핵적핵담창구시상하핵 위축증,Dentatorubropallidoluysian atrophy (DRPLA),없음,V900,의료비(급여부분),미분류,[],,미분류,,
205,칠턴-오쿠르-청 신경발달 증후군,Chilton-Okur-Chung neurodevelopmental syndrome,없음,V900,의료비(급여부분),미분류,[],,미분류,,
204,카나반 병,Canavan’s disease,E75.2,V900,의료비(급여부분),미분류,[],,미분류,,
203,카다실,"CADASIL, Cerebral autosomal dominant arteriopathy with subcortical infarcts and leukoencephalopathy",F01.1,V122,의료비(급여부분),미분류,[],,미분류,,
202,카라실 증후군,CARASIL syndrome (Cerebral autosomal recessive arteriopathy with subcortical infarcts and leukoencephalopathy),없음,V900,의료비(급여부분),미분류,[],,미분류,,
201,카무라티-엥겔만증후군,Camurati-Engelmann syndrome,Q78.3,V266,의료비(급여부분),미분류,[],,미분류,,
200,카복실레이스피루브산염의 결핍,Deficiency of carboxylase pyruvate,E74.4,V117,의료비(급여부분),미분류,[],,미분류,,
199,카사바흐-메리트 증후군,Kasabach-meritt syndrome,없음,V900,의료비(급여부분),미분류,[],,미분류,,
198,카테콜라민 다형성 심실성 빈맥,Catecholaminergic polymorphic ventricular tachycardia,I47.2,V900,의료비(급여부분),심장내과/소아심장과,"[""심장내과/소아심장과""]",en_product3_146.xml,분류완료,3286,Catecholaminergic polymorphic ventricular tachycardia
197,카파경쇄결핍,Kappa light chain deficiency,D80.8,V111,의료비(급여부분),미분류,[],,미분류,,
196,카펜터 증후군,Carpenter´s syndrome,Q87.0,V185,의료비(급여부분),미분류,[],,미분류,,
195,칸투증후군,Cantú syndrome,없음,V900,의료비(급여부분),신경과,"[""신경과"", ""정형외과""]",en_product3_181.xml; en_product3_199.xml,리뷰필요,1517,Cantú syndrome
194,캐치22(22염색체 미세결실) 증후군,CATCH22 syndrome,Q93.5,V217,의료비(급여부분),미분류,[],,미분류,,
193,컨스-세이어증후군,Kearns-Sayre syndrome,H49.8,V261,의료비(급여부분),안과,"[""신경과"", ""심장내과/소아심장과"", ""안과"", ""이비인후과""]",en_product3_146.xml; en_product3_150.xml; en_product3_181.xml; en_product3_189.xml; en_product3_193.xml; en_product3_200.xml,분류완료,480,Kearns-Sayre syndrome
192,케네디 병,Kennedy disease,G12.28,V123,"의료비(급여부분), 간병비, 인공호흡기 및 기침유발기, 보조기기 구입비",신경과,"[""신경과"", ""산부인과/생식의학""]",en_product3_181.xml; en_product3_201.xml,분류완료,481,Kennedy disease
191,케이비지 증후군,KBG syndrome,없음,V900,의료비(급여부분),신경과,"[""신경과"", ""정형외과"", ""치과/구강악안면외과""]",en_product3_181.xml; en_product3_197.xml; en_product3_199.xml,리뷰필요,2332,KBG syndrome
190,코리병,Cori’s disease,E74.0,V117,"의료비(급여부분), 간병비, 인공호흡기 및 기침유발기, 보조기기 구입비, 옥수수전분",미분류,[],,미분류,,
189,코스텔로 증후군,Costello syndrome,없음,V900,의료비(급여부분),신경과,"[""신경과"", ""심장내과/소아심장과"", ""피부과"", ""혈액종양내과""]",en_product3_146.xml; en_product3_148.xml; en_product3_181.xml; en_product3_187.xml; en_product3_202.xml,리뷰필요,3071,Costello syndrome
188,코스트만병,Kostmann’s disease,D70,V108,의료비(급여부분),미분류,[],,미분류,,
187,코오간증후군,Cogan’s syndrome,H16.3,V900,의료비(급여부분),안과,"[""안과"", ""이비인후과""]",,미분류,,
186,코츠망막병증,Coats retinopathy,H35.0,V260,의료비(급여부분),안과,"[""안과""]",manual_primary_whitelist:\bretinopath(y|ies)\b,분류완료,,
185,코케인 증후군,Cockayne syndrome,Q87.1,V158,의료비(급여부분),신경과,"[""신경과"", ""안과"", ""이비인후과"", ""피부과"", ""혈액종양내과""]",en_product3_181.xml; en_product3_187.xml; en_product3_189.xml; en_product3_200.xml; en_product3_202.xml,리뷰필요,191,Cockayne syndrome
184,코핀-로우리 증후군,Coffin-Lowry syndrome,Q87.5,V900,의료비(급여부분),미분류,[],,미분류,,
183,코핀-시리스 증후군,Coffin-Siris syndrome,없음,V900,의료비(급여부분),신경과,"[""신경과"", ""정형외과""]",en_product3_181.xml; en_product3_199.xml,리뷰필요,1465,Coffin-Siris syndrome
182,코헨 증후군,Cohen syndrome,없음,V900,의료비(급여부분),소아청소년과/의학유전학,"[""내분비대사내과"", ""류마티스내과/면역내과"", ""소아청소년과/의학유전학"", ""신경과"", ""안과""]",en_product3_181.xml; en_product3_189.xml; en_product3_193.xml; en_product3_195.xml,리뷰필요,193,Cohen syndrome
181,콜만증후군,Kallmann’s syndrome,E23.0,V165,의료비(급여부분),미분류,[],,미분류,,
180,쿠울리빈혈,Cooley’s anaemia,D56.1,V232,의료비(급여부분),미분류,[],,미분류,,
179,쿠프스병,Kufs’ disease,E75.4,V117,의료비(급여부분),미분류,[],,미분류,,
178,쿨렌-드 브리스 증후군,Koolen-de Vries syndrome,Q87.8,V900,의료비(급여부분),신경과,"[""신경과"", ""정형외과""]",en_product3_181.xml; en_product3_199.xml,리뷰필요,96169,Koolen-De Vries syndrome
177,큐라리노 증후군,Currarino syndrome,없음,V900,의료비(급여부분),산부인과/생식의학,"[""산부인과/생식의학"", ""정형외과""]",en_product3_199.xml; en_product3_205.xml,리뷰필요,1552,Currarino syndrome
176,크라베병,Krabbe’s disease,E75.2,V117,"의료비(급여부분), 간병비",미분류,[],,미분류,,
175,크라이오피린 연관 주기 (발열) 증후군,Cryopyrin associated periodic (fever) syndrome,없음,V900,의료비(급여부분),미분류,[],,미분류,,
174,크레스트증후군,CR(E)ST syndrome,M34.1,V138,의료비(급여부분),미분류,[],,미분류,,
173,크로이츠펠트-야콥병,Creutzfeldt-Jakob disease,A81.0,V102,"의료비(급여부분), 간병비, 인공호흡기 및 기침유발기",미분류,[],,미분류,,
172,크론카이드-카나다 증후군,Cronkhite-Canada syndrome,없음,V900,의료비(급여부분),소화기내과,"[""소화기내과"", ""피부과"", ""혈액종양내과""]",en_product3_152.xml; en_product3_187.xml; en_product3_202.xml,리뷰필요,2930,Cronkhite-Canada syndrome
171,크루존병,Crouzon’s disease,Q75.1,V151,의료비(급여부분),미분류,[],,미분류,,
170,크리스마스병,Christmas disease,D67,V009,의료비(급여부분),혈액종양내과,"[""혈액종양내과""]",en_product3_194.xml,분류완료,98879,Hemophilia B
169,큰뇌이랑증,Pachygyria,Q04.3,V214,의료비(급여부분),미분류,[],,미분류,,
168,"클라인펠터증후군, 두 개 이상의 X염색체를 가진 남성","Klinefelter’s syndrome, male with more than two X chromosomes",Q98.1,V218,의료비(급여부분),미분류,[],,미분류,,
167,"클라인펠터증후군, 핵형 46, XX를 가진 남성","Klinefelter’s syndrome, male with 46,XX karyotype",Q98.2,V218,의료비(급여부분),미분류,[],,미분류,,
166,"클라인펠터증후군, 핵형 47, XXY","Klinefelter’s syndrome karyotype 47, XXY",Q98.0,V218,의료비(급여부분),미분류,[],,미분류,,
165,클리펠-트레노우네이-베버 증후군,Klippel-Trénaunay-Weber syndrome,Q87.2,V243,의료비(급여부분),미분류,[],,미분류,,
164,클리펠-파일증후군,Klippel-Feil syndrome,Q76.1,V900,의료비(급여부분),미분류,[],,미분류,,
163,클리프스트라 증후군,Kleefstra syndrome,없음,V900,의료비(급여부분),신경과,"[""신경과""]",en_product3_181.xml,분류완료,261494,Kleefstra syndrome
162,타루이병,Tarui’s disease,E74.0,V117,"의료비(급여부분), 간병비, 인공호흡기 및 기침유발기, 보조기기 구입비",미분류,[],,미분류,,
161,타우시그-빙증후군,Taussig-Bing syndrome,Q20.1,V144,의료비(급여부분),심장내과/소아심장과,"[""심장내과/소아심장과""]",en_product3_148.xml,분류완료,99045,Double outlet right ventricle with subpulmonary ventricular septal defect
160,타이로신대사장애,Disorders of tyrosine metabolism,E70.2,V117,"의료비(급여부분), 특수분유 및 저단백즉석밥",미분류,[],,미분류,,
159,타이로신증,Tyrosinosis,E70.2,V117,"의료비(급여부분), 특수분유 및 저단백즉석밥",미분류,[],,미분류,,
158,타이로신혈증,Tyrosinaemia,E70.2,V117,"의료비(급여부분), 특수분유 및 저단백즉석밥",미분류,[],,미분류,,
157,탄력섬유성거짓황색종,Pseudoxanthoma elasticum,Q82.8,V314,의료비(급여부분),안과,"[""피부과"", ""신경과"", ""신장내과"", ""심장내과/소아심장과"", ""안과""]",en_product3_146.xml; en_product3_181.xml; en_product3_187.xml; en_product3_188.xml; en_product3_189.xml,분류완료,758,Pseudoxanthoma elasticum
156,탈수소효소피루브산염의 결핍,Deficiency of dehydrogenase pyruvate,E74.4,V117,의료비(급여부분),미분류,[],,미분류,,
155,태아헤모글로빈의 유전적 존속,Hereditary persistence of fetal haemoglobin [HPFH],D56.4,V232,의료비(급여부분),미분류,[],,미분류,,
154,터프팅장증,Tufting enteropathy (Intestinal epithelial dysplasia),없음,V900,의료비(급여부분),미분류,[],,미분류,,
153,"털손발톱치아형성이상 1,3형",Trichorhinophalangeal syndrome type I & III,없음,V900,의료비(급여부분),미분류,[],,미분류,,
152,테이-삭스병,Tay-Sachs’ disease,E75.0,V117,의료비(급여부분),내분비대사내과,"[""내분비대사내과"", ""신경과"", ""안과""]",en_product3_150.xml; en_product3_181.xml; en_product3_189.xml,분류완료,845,Tay-Sachs disease
151,템플 증후군,Temple syndrome,없음,V900,의료비(급여부분),내분비대사내과,"[""내분비대사내과"", ""신경과""]",en_product3_181.xml; en_product3_193.xml,리뷰필요,254516,Temple syndrome
150,"퇴행, 이상 운동, 언어 상실과 발작을 동반한 신경발달장애","Neurodevevelopmental disorder with regression, abnormal movements, loss of speech, and seizures",없음,V900,의료비(급여부분),미분류,[],,미분류,,
149,튜블린병증,Tubulinopathies,없음,V900,의료비(급여부분),미분류,[],,미분류,,
148,트랜스타이레틴 아밀로이드 심근병증,Transthyretin amyloid cardiomyopathy[ATTR-CM],없음,V900,의료비(급여부분),심장내과/소아심장과,"[""심장내과/소아심장과""]",manual_primary_whitelist:\bcardiomyopath(y|ies)\b,분류완료,,
147,트레처-콜린스 증후군,Treacher Collins syndrome,Q75.4,V182,의료비(급여부분),소아청소년과/의학유전학,"[""소아청소년과/의학유전학"", ""안과"", ""이비인후과"", ""정형외과"", ""치과/구강악안면외과""]",en_product3_189.xml; en_product3_199.xml; en_product3_200.xml; en_product3_209.xml,리뷰필요,861,Treacher-Collins syndrome
146,트립토판대사장애,Disorder of tryptophan metabolism,E70.8,V117,의료비(급여부분),미분류,[],,미분류,,
145,특발성 무형성빈혈,Idiopathic aplastic anaemia,D61.3,V023,의료비(급여부분),미분류,[],,미분류,,
144,특발성 비특이성 간질성 폐렴,Idiopathic nonspecific interstitial pneumonia,J84.8,V900,의료비(급여부분),미분류,[],,미분류,,
143,특발성 파킨슨증 또는 파킨슨병,Idiopathic Parkinsonism or Parkinson’s disease,G20,V124,의료비(급여부분),미분류,[],,미분류,,
142,특발성 폐 헤모시데린증,Idiopathic pulmonary hemosiderosis,E83.1,V900,의료비(급여부분),미분류,[],,미분류,,
141,특발성 폐섬유증,Idiopathic pulmonary fibrosis,J84.11,V236,"의료비(급여부분), 인공호흡기 및 기침유발기",호흡기내과,"[""호흡기내과""]",en_product3_184.xml,분류완료,2032,Idiopathic pulmonary fibrosis
140,특발성 흉막실질 탄력섬유증,Idiopathic pleuroparenchymal fibroelastosis,J84.18,V900,의료비(급여부분),호흡기내과,"[""호흡기내과""]",en_product3_184.xml,분류완료,494428,Idiopathic pleuroparenchymal fibroelastosis
139,파르병,Fahr’s Disease,G23.8,V900,의료비(급여부분),미분류,[],,미분류,,
138,파리-롬버르그증후군,Parry-Romberg syndrome,G51.8,V900,의료비(급여부분),신경과,"[""신경과""]",en_product3_181.xml,분류완료,1214,Progressive hemifacial atrophy
137,파브리(-앤더슨)병,Fabry’s(-Anderson) disease,E75.2,V117,의료비(급여부분),미분류,[],,미분류,,
136,파종성(∼의) 다발경화증,Multiple sclerosis (of) disseminated,G35,V022,"의료비(급여부분), 간병비, 인공호흡기 및 기침유발기, 보조기기 구입비",미분류,[],,미분류,,
135,파킨슨병,Parkinson’s disease,G20,V124,의료비(급여부분),미분류,[],,미분류,,
134,파킨슨증 또는 파킨슨병 NOS,Parkinsonism or Parkinson’s disease NOS,G20,V124,의료비(급여부분),미분류,[],,미분류,,
133,판막상부 대동맥협착,Supravalvular aortic stenosis,Q25.3,V272,의료비(급여부분),심장내과/소아심장과,"[""심장내과/소아심장과""]",en_product3_148.xml; en_product3_198.xml,분류완료,3193,Supravalvular aortic stenosis
132,판코니(-드토니)(-드브레)증후군,Fanconi(-de Toni)(-Debré)syndrome,E72.0,V117,의료비(급여부분),미분류,[],,미분류,,
131,판코니빈혈,Fanconi’s anaemia,D61.0,V023,의료비(급여부분),미분류,[],,미분류,,
130,팔로네징후,Tetralogy of Fallot,Q21.3,V269,의료비(급여부분),심장내과/소아심장과,"[""심장내과/소아심장과""]",en_product3_148.xml,분류완료,3303,Tetralogy of Fallot
129,팰리스터-킬리언 증후군,Pallister-Killian syndrome,Q99.8,V900,의료비(급여부분),신경과,"[""신경과""]",en_product3_181.xml,분류완료,884,Pallister-Killian syndrome
128,팰리스터-홀 증후군,Pallister-Hall syndrome,없음,V900,의료비(급여부분),내분비대사내과,"[""내분비대사내과"", ""신경과"", ""신장내과"", ""정형외과""]",en_product3_181.xml; en_product3_188.xml; en_product3_193.xml; en_product3_199.xml,리뷰필요,672,Pallister-Hall syndrome
127,페닐알라닐 t-RNA 합성효소 결핍증,Phenylalanyl t-RNA synthetase deficiency,없음,V900,의료비(급여부분),미분류,[],,미분류,,
126,페르헤이 증후군,Verheij syndrome,없음,V900,의료비(급여부분),미분류,[],,미분류,,
125,페인골드 증후군 유형 1,Feingold syndrome type 1,없음,V900,의료비(급여부분),신경과,"[""신경과"", ""정형외과""]",en_product3_181.xml; en_product3_199.xml,리뷰필요,391641,Feingold syndrome type 1
124,펠란-맥더미드 증후군(22장완 13.3 결손 증후군),Phelan-McDermid syndrome(22q13.3 deletion syndrome),Q87.8,V900,의료비(급여부분),미분류,[],,미분류,,
123,펠리제우스-메르츠바하병,Pelizaeus-Merzbacher disease,E75.2,V900,의료비(급여부분),신경과,"[""신경과"", ""안과""]",en_product3_181.xml; en_product3_189.xml,분류완료,702,Pelizaeus-Merzbacher disease
122,편측파킨슨증,Hemiparkinsonism,G20,V124,의료비(급여부분),미분류,[],,미분류,,
121,폐동맥 슬링,Pulmonary artery sling,Q25.7,V900,의료비(급여부분),미분류,[],,미분류,,
120,"폐동맥 협착 또는 폐쇄, 대동맥의 우측위치 및 우심실비대를 동반한 심실중격결손","Ventricular septal defect with pulmonary stenosis or atresia, dextroposition of aorta and hypertrophy of right ventricle",Q21.3,V269,의료비(급여부분),미분류,[],,미분류,,
119,폐동맥의 폐쇄,Atresia of pulmonary artery,Q25.5,V149,의료비(급여부분),미분류,[],,미분류,,
118,폐동맥판폐쇄,Pulmonary valve atresia,Q22.0,V145,의료비(급여부분),미분류,[],,미분류,,
117,폐색성 비대성 심근병증,Obstructive hypertrophic cardiomyopathy,I42.1,V127,의료비(급여부분),심장내과/소아심장과,"[""심장내과/소아심장과""]",manual_primary_whitelist:\bcardiomyopath(y|ies)\b,분류완료,,
116,폐색혈전혈관염[버거병],Thromboangiitis obliterans[Buerger],I73.1,V129,의료비(급여부분),미분류,[],,미분류,,
115,폐의 모세관성 혈관종증,Pulmonary capillary hemangiomatosis,없음,V900,의료비(급여부분),호흡기내과,"[""호흡기내과""]",en_product3_184.xml,분류완료,199241,Pulmonary capillary hemangiomatosis
114,폐의 사르코이드증,Sarcoidosis of lung,D86.0,V111,의료비(급여부분),미분류,[],,미분류,,
113,폐정맥의 부정렬을 동반한 폐포 모세혈관 형성이상,Alveolar capillary dysplasia with misalignment of pulmonary veins[ACD/MPV],없음,V900,의료비(급여부분),미분류,[],,미분류,,
112,폐증상을 동반한 낭성 섬유증,Cystic fibrosis with pulmonary manifestations,E84.0,V120,의료비(급여부분),미분류,[],,미분류,,
111,폐침범 동반 전신홍반루푸스,Systemic lupus erythematosus with lung involvement,M32.1,V136,의료비(급여부분),미분류,[],,미분류,,
110,폐침범을 동반한 다발동맥염[처그-스트라우스],Polyarteritis with lung involvement [Churg- Strauss],M30.1,V134,의료비(급여부분),미분류,[],,미분류,,
109,폐침범을 동반한 전신경화증,Systemic sclerosis with lung involvement,M34.8,V138,의료비(급여부분),미분류,[],,미분류,,
108,폐침범을(를) 동반한 쉐그렌증후군,Sjogren’s syndrome with lung involvement,M35.0,V139,의료비(급여부분),미분류,[],,미분류,,
107,폐포단백질증,Alveolar proteinosis,J84.0,V222,의료비(급여부분),미분류,[],,미분류,,
106,포도당 수송자 1 결핍증,"Glucose transporter type1, GLUT1 deficiency",G93.4,V900,의료비(급여부분),미분류,[],,미분류,,
105,포도당-6-인산탈수소효소결핍에 의한 빈혈,Anaemia due to glucose-6- phosphate dehydrogenase [G6PD] deficiency,D55.0,V163,의료비(급여부분),미분류,[],,미분류,,
104,포도막귀밑샘열,Uveoparotid fever[Heerfordt],D86.8,V111,의료비(급여부분),미분류,[],,미분류,,
103,포르브스병,Forbes’ disease,E74.0,V117,"의료비(급여부분), 간병비, 인공호흡기 및 기침유발기, 보조기기 구입비, 옥수수전분",내분비대사내과,"[""내분비대사내과"", ""소화기내과"", ""신경과"", ""심장내과/소아심장과""]",en_product3_146.xml; en_product3_150.xml; en_product3_181.xml; en_product3_183.xml,분류완료,366,Glycogen storage disease due to glycogen debranching enzyme deficiency
102,포르피린증 NOS,Porphyria NOS,E80.2,V118,의료비(급여부분),미분류,[],,미분류,,
101,포스포에놀피루브산염카르복시카이네이스의 결핍,Deficiency of phosphoenolpyruvate carboxykinase,E74.4,V117,의료비(급여부분),미분류,[],,미분류,,
100,포이츠-제거스 증후군,Peutz-Jeghers syndrome,Q85.8,V216,의료비(급여부분),소화기내과,"[""소화기내과"", ""피부과"", ""혈액종양내과""]",en_product3_152.xml; en_product3_187.xml; en_product3_202.xml,분류완료,2869,Peutz-Jeghers syndrome
99,포토키-룹스키 증후군,Potocki-Lupski syndrome,Q92.3,V900,의료비(급여부분),신경과,"[""신경과""]",en_product3_181.xml,분류완료,1713,17p11.2 microduplication syndrome
98,폰 히펠-린다우 증후군,Von Hippel-Lindau syndrome,Q85.8,V216,의료비(급여부분),혈액종양내과,"[""혈액종양내과"", ""내분비대사내과"", ""신경과"", ""신장내과"", ""안과""]",en_product3_181.xml; en_product3_188.xml; en_product3_189.xml; en_product3_193.xml; en_product3_202.xml,분류완료,892,Von Hippel-Lindau disease
97,폰기에르케병,von Gierke’s disease,E74.0,V117,"의료비(급여부분), 간병비, 인공호흡기 및 기침유발기, 보조기기 구입비, 옥수수전분",미분류,[],,미분류,,
96,폰렉클링하우젠병,Von Recklinghausen’s disease,Q85.0,V156,의료비(급여부분),미분류,[],,미분류,,
95,폰빌레브란트병,Von Willebrand’s disease,D68.0,V009,의료비(급여부분),미분류,[],,미분류,,
94,폴란드증후군,Poland’s syndrome,Q79.8,V155,의료비(급여부분),미분류,[],,미분류,,
93,폼페병,Pompe’s disease,E74.0,V117,"의료비(급여부분), 간병비, 인공호흡기 및 기침유발기, 보조기기 구입비",미분류,[],,미분류,,
92,푸고스축적증,Fucosidosis,E77.1,V117,의료비(급여부분),내분비대사내과,"[""내분비대사내과"", ""신경과"", ""심장내과/소아심장과"", ""정형외과""]",en_product3_146.xml; en_product3_150.xml; en_product3_181.xml; en_product3_199.xml,분류완료,349,Fucosidosis
91,푸마라제 결핍(증),Fumarase deficiency,없음,V900,의료비(급여부분),내분비대사내과,"[""내분비대사내과"", ""신경과""]",en_product3_150.xml; en_product3_181.xml,분류완료,24,Fumaric aciduria
90,푸아리에-비엥브뉴 신경발달 증후군,Poirier-Bienvenu neurodevelopmental syndrome,없음,V900,의료비(급여부분),신경과,"[""신경과""]",en_product3_181.xml,분류완료,689397,Poirier-Bienvenu neurodevelopmental syndrome
89,푹스디스트로피,Fuchs dystrophy,H18.5,V307,의료비(급여부분),안과,"[""안과""]",,미분류,,
88,퓨린뉴클레오사이드인산화효소결핍,Purine nucleoside phosphorylase[PNP] deficiency,D81.5,V111,의료비(급여부분),미분류,[],,미분류,,
87,프라더-윌리 증후군,Prader-Willi syndrome,Q87.1,V158,의료비(급여부분),내분비대사내과,"[""내분비대사내과"", ""산부인과/생식의학"", ""신경과""]",en_product3_181.xml; en_product3_193.xml; en_product3_201.xml; en_product3_205.xml,리뷰필요,739,Prader-Willi syndrome
86,프란체스쉐티 증후군,Franceschetti syndrome,Q75.4,V182,의료비(급여부분),미분류,[],,미분류,,
85,프레이저 증후군,Frasier syndrome,없음,V900,의료비(급여부분),신장내과,"[""신장내과"", ""내분비대사내과"", ""비뇨의학과"", ""산부인과/생식의학"", ""혈액종양내과""]",en_product3_185.xml; en_product3_188.xml; en_product3_193.xml; en_product3_202.xml; en_product3_205.xml,분류완료,347,Frasier syndrome
85,프레이저 증후군,Fraser’s syndrome,Q87.0,V900,의료비(급여부분),미분류,[],,미분류,,
83,프로악셀레린결핍,Proaccelerin deficiency,D68.2,V009,의료비(급여부분),혈액종양내과,"[""혈액종양내과""]",en_product3_194.xml,분류완료,326,Congenital factor V deficiency
82,프로피온산혈증,Propionic acidaemia,E71.1,V117,"의료비(급여부분), 특수분유 및 저단백즉석밥",미분류,[],,미분류,,
81,프리드라이히운동실조(보통염색체열성),Friedreich’s ataxia(autosomal recessive),G11.1,V123,"의료비(급여부분), 간병비, 인공호흡기 및 기침유발기, 보조기기 구입비",신경과,"[""신경과""]",manual_primary_whitelist:\bataxia\b,분류완료,,
80,플로우팅 하버 증후군,Floating-Harbor syndrome,없음,V900,의료비(급여부분),신경과,"[""신경과""]",en_product3_181.xml,분류완료,2044,Floating-Harbor syndrome
79,피루브산염대사 및 포도당신합성 장애,Disorders of pyruvate metabolism and gluco- neogenesis,E74.4,V117,의료비(급여부분),미분류,[],,미분류,,
78,피루브산염카이네이스결핍빈혈,Pyruvate kinase[PK] deficiency anaemia,D55.2,V164,의료비(급여부분),미분류,[],,미분류,,
77,피부의 사르코이드증,Sarcoidosis of skin,D86.3,V111,의료비(급여부분),미분류,[],,미분류,,
76,피서르스-보드머 증후군,Vissers-Bodmer syndrome,없음,V900,의료비(급여부분),미분류,[],,미분류,,
75,피어슨 증후군,Pearson syndrome,없음,V900,의료비(급여부분),내분비대사내과,"[""내분비대사내과"", ""소화기내과"", ""혈액종양내과""]",en_product3_150.xml; en_product3_152.xml; en_product3_193.xml; en_product3_194.xml,분류완료,699,Pearson syndrome
74,피어슨 증후군[Pierson syndrome],Pierson syndrome,없음,V900,의료비(급여부분),신장내과,"[""신장내과"", ""안과""]",en_product3_188.xml; en_product3_189.xml,분류완료,2670,Pierson syndrome
73,피어폰트 증후군,Pierpont syndrome,없음,V900,의료비(급여부분),신경과,"[""신경과""]",en_product3_181.xml,분류완료,487825,Pierpont syndrome
72,피질하 낭을 동반한 거대뇌성 백질뇌병증,Megalencephalic leukoencephalopathy with subcortical cysts,없음,V900,의료비(급여부분),신경과,"[""신경과""]",en_product3_181.xml,분류완료,2478,Megalencephalic leukoencephalopathy with subcortical cysts
71,피트 홉킨스 증후군,Pitt-Hopkins syndrome,없음,V900,의료비(급여부분),신경과,"[""신경과""]",en_product3_181.xml,분류완료,2896,Pitt-Hopkins syndrome
70,필라롭스키-비욘슨 증후군,Pilarowski-Bjornsson syndrome,없음,V900,의료비(급여부분),신경과,"[""신경과""]",en_product3_181.xml,분류완료,529965,Intellectual disability-autism-speech apraxia-craniofacial dysmorphism syndrome
69,필레증후군,Pyle’s syndrome,Q78.5,V215,의료비(급여부분),미분류,[],,미분류,,
68,하다드 증후군,Haddad syndrome,G47.31,V900,의료비(급여부분),신경과,"[""신경과"", ""소화기내과"", ""안과"", ""호흡기내과""]",en_product3_152.xml; en_product3_181.xml; en_product3_184.xml; en_product3_189.xml,분류완료,99803,Haddad syndrome
67,하악안면골이골증,Mandibulofacial dysostosis,Q75.4,V182,의료비(급여부분),이비인후과,"[""이비인후과"", ""정형외과"", ""치과/구강악안면외과""]",en_product3_199.xml; en_product3_200.xml; en_product3_209.xml,리뷰필요,155899,Mandibulofacial dysostosis
66,하이드록시라이신혈증,Hydroxylysinaemia,E72.3,V117,의료비(급여부분),미분류,[],,미분류,,
65,하쥬-체니 증후군,Hadju-Cheney syndrome,없음,V900,의료비(급여부분),미분류,[],,미분류,,
64,하트넙병,Hartnup’s disease,E72.0,V117,의료비(급여부분),미분류,[],,미분류,,
63,한랭글로불린혈증성 혈관염,Cryoglobulinaemic vasculitis,D89.1,V294,의료비(급여부분),미분류,[],,미분류,,
62,할러포르덴-스파츠병,Hallervorden-Spatz disease,G23.0,V257,의료비(급여부분),미분류,[],,미분류,,
61,할리퀸태아,Harlequin fetus,Q80.4,V300,의료비(급여부분),미분류,[],,미분류,,
60,항인지질증후군,Antiphospholipid syndrome,D68.6,V253,의료비(급여부분),류마티스내과/면역내과,"[""류마티스내과/면역내과"", ""산부인과/생식의학"", ""혈액종양내과""]",en_product3_194.xml; en_product3_196.xml; en_product3_205.xml,분류완료,80,Antiphospholipid syndrome
59,항체결손이 현저한 기타 면역결핍,Other immunodeficiencies with predominantly antibody defects,D80.8,V111,의료비(급여부분),미분류,[],,미분류,,
58,항트롬빈결핍,Antithrombin deficiency,D68.5,V900,의료비(급여부분),미분류,[],,미분류,,
57,해당효소의 장애에 의한 빈혈,Anaemia due to disorders of glycolytic enzymes,D55.2,V164,의료비(급여부분),미분류,[],,미분류,,
56,"핵형45, X","Karyotype 45, X",Q96.0,V021,의료비(급여부분),미분류,[],,미분류,,
55,"핵형46, X동인자(Xq)","Karyotype 46, X iso(Xq)",Q96.1,V021,의료비(급여부분),미분류,[],,미분류,,
54,허스병,Hers’ disease,E74.0,V117,"의료비(급여부분), 간병비, 인공호흡기 및 기침유발기, 보조기기 구입비, 옥수수전분",내분비대사내과,"[""내분비대사내과"", ""소화기내과""]",en_product3_150.xml; en_product3_183.xml,분류완료,369,Glycogen storage disease due to liver glycogen phosphorylase deficiency
53,헌터-맥칼파인 증후군,Hunter-McAlpine syndrome,없음,V900,의료비(급여부분),미분류,[],,미분류,97340,Hunter-McAlpine syndrome
52,헌터증후군,Hunter’s syndrome,E76.1,V117,"의료비(급여부분), 간병비, 인공호흡기 및 기침유발기, 보조기기 구입비",미분류,[],,미분류,,
51,헌팅톤무도병,Huntington’s chorea,G10,V123,의료비(급여부분),미분류,[],,미분류,,
50,헌팅톤병,Huntington’s disease,G10,V123,의료비(급여부분),미분류,[],,미분류,,
49,헐러-샤이에증후군,Hurler-Scheie syndrome,E76.0,V117,"의료비(급여부분), 간병비, 인공호흡기 및 기침유발기, 보조기기 구입비",내분비대사내과,"[""내분비대사내과"", ""신경과"", ""심장내과/소아심장과"", ""안과"", ""정형외과""]",en_product3_146.xml; en_product3_150.xml; en_product3_181.xml; en_product3_189.xml; en_product3_199.xml,분류완료,93476,Hurler-Scheie syndrome
48,헐러증후군,Hurler syndrome,E76.0,V117,"의료비(급여부분), 간병비, 인공호흡기 및 기침유발기, 보조기기 구입비",내분비대사내과,"[""내분비대사내과"", ""신경과"", ""심장내과/소아심장과"", ""안과"", ""정형외과""]",en_product3_146.xml; en_product3_150.xml; en_product3_181.xml; en_product3_189.xml; en_product3_199.xml,분류완료,93473,Hurler syndrome
47,헤르만스키-푸들라크증후군,Hermansky-Pudlak syndrome,E70.3,V117,의료비(급여부분),내분비대사내과,"[""내분비대사내과"", ""안과"", ""피부과"", ""혈액종양내과""]",en_product3_150.xml; en_product3_187.xml; en_product3_189.xml; en_product3_194.xml,리뷰필요,79430,Hermansky-Pudlak syndrome
46,헤를리츠증후군,Herlitz’ syndrome,Q81.1,V184,의료비(급여부분),미분류,[],,미분류,,
45,헤모글로빈 사우샘프턴(헤모글로빈 캐스퍼),Hemoglobin Southampton (Hemoglobin Casper),없음,V900,의료비(급여부분),미분류,[],,미분류,,
44,헤이-웰스증후군 (안검유착-외배엽 결손),Hay-Wells syndrome (Ankyloblepharon-ectodermal defects),Q82.4,V900,의료비(급여부분),미분류,[],,미분류,,
43,헤임러 증후군,Heimler syndrome,없음,V900,의료비(급여부분),이비인후과,"[""이비인후과"", ""치과/구강악안면외과"", ""피부과""]",en_product3_187.xml; en_product3_197.xml; en_product3_200.xml,리뷰필요,3220,Deafness-enamel hypoplasia-nail defects syndrome
42,헥소카이네이스결핍빈혈,Hexokinase deficiency anaemia,D55.2,V164,의료비(급여부분),미분류,[],,미분류,,
41,현미경적 다발동맥염,Microscopic polyarteritis,M31.7,V238,의료비(급여부분),류마티스내과/면역내과,"[""류마티스내과/면역내과"", ""소아청소년과/의학유전학"", ""신경과"", ""신장내과"", ""심장내과/소아심장과"", ""호흡기내과""]",en_product3_181.xml; en_product3_184.xml; en_product3_188.xml; en_product3_196.xml; en_product3_198.xml; en_product3_231.xml,분류완료,727,Microscopic polyangiitis
40,현저한 면역조절T-세포장애에 의한 공통 가변성 면역결핍,Common variable immunodeficiency with predominant immunoregulatory T-cell disorders,D83.1,V111,의료비(급여부분),미분류,[],,미분류,,
39,혈관결손이 있는 제8인자결핍,Factor Ⅷ deficiency with vascular defect,D68.0,V009,의료비(급여부분),미분류,[],,미분류,,
38,혈관혈우병(Angiohaemophilia),Angiohaemophilia,D68.0,V009,의료비(급여부분),미분류,[],,미분류,,
37,혈관혈우병(Vascular haemophilia),Vascular haemophilia,D68.0,V009,의료비(급여부분),미분류,[],,미분류,,
36,혈구탐식성 림프조직구증,Haemophagocytic lymphohistiocytosis,D76.1,V110,의료비(급여부분),미분류,[],,미분류,,
35,혈색소증,Haemochromatosis,E83.1,V255,의료비(급여부분),미분류,[],,미분류,,
34,혈소판감소 및 습진을 동반한 면역결핍,Immunodeficiency with thrombocytopenia and eczema,D82.0,V111,의료비(급여부분),미분류,[],,미분류,,
33,혈소판무력증(출혈성)(유전성),Thromboasthenia (haemorrhagic)(hereditary),D69.1,V106,의료비(급여부분),미분류,[],,미분류,,
32,혈소판병증,Thrombocytopathy,D69.1,V106,의료비(급여부분),미분류,[],,미분류,,
31,혈우병 NOS,Haemophilia NOS,D66,V009,의료비(급여부분),미분류,[],,미분류,,
30,혈장트롬보플라스틴성분결핍,Plasma thromboplastin component[PTC] deficiency,D67,V009,의료비(급여부분),미분류,[],,미분류,,
29,혈장트롬보플라스틴전구물질결핍,Plasma thromboplastin antecedent [PTA] deficiency,D68.1,V009,의료비(급여부분),미분류,[],,미분류,,
28,혈전성 미세혈관병증,Thrombotic microangiopathy,M31.1,V135,의료비(급여부분),미분류,[],,미분류,,
27,혈전성 혈소판감소성 자반,Thrombotic thrombocytopenic purpura,M31.1,V135,의료비(급여부분),신장내과,"[""신장내과"", ""혈액종양내과""]",en_product3_188.xml; en_product3_194.xml,리뷰필요,54057,Thrombotic thrombocytopenic purpura
26,형성저하성 우심증후군,Hypoplastic right heart syndrome,Q22.6,V146,의료비(급여부분),심장내과/소아심장과,"[""심장내과/소아심장과""]",en_product3_148.xml,분류완료,98723,Hypoplastic right heart syndrome
25,형성저하성 좌심증후군,Hypoplastic left heart syndrome,Q23.4,V147,의료비(급여부분),심장내과/소아심장과,"[""심장내과/소아심장과""]",en_product3_148.xml,분류완료,2248,Hypoplastic left heart syndrome
24,호모시스틴뇨,Homocystinuria,E72.1,V117,"의료비(급여부분), 특수분유 및 저단백즉석밥",미분류,[],,미분류,,
23,호중구감소 NOS,Neutropenia NOS,D70,V108,의료비(급여부분),미분류,[],,미분류,,
22,호중구감소성 비장비대,Neutropenic splenomegaly,D70,V108,의료비(급여부분),미분류,[],,미분류,,
21,혼합결합조직병,Mixed connective tissue disease,M35.1,V139,의료비(급여부분),류마티스내과/면역내과,"[""류마티스내과/면역내과"", ""소아청소년과/의학유전학"", ""신경과"", ""신장내과"", ""호흡기내과""]",en_product3_181.xml; en_product3_184.xml; en_product3_188.xml; en_product3_196.xml; en_product3_231.xml,분류완료,809,Mixed connective tissue disease
20,홀트-오람 증후군,Holt-Oram syndrome,Q87.2,V243,의료비(급여부분),심장내과/소아심장과,"[""심장내과/소아심장과"", ""정형외과""]",en_product3_146.xml; en_product3_148.xml; en_product3_199.xml,리뷰필요,392,Holt-Oram syndrome
19,홍채각막내피증후군,Iridocorneal endothelial syndrome,없음,V900,의료비(급여부분),안과,"[""안과""]",en_product3_189.xml,분류완료,64734,Iridocorneal endothelial syndrome
18,화버증후군,Farber’s syndrome,E75.2,V117,의료비(급여부분),미분류,[],,미분류,,
17,화이트-서튼 증후군,White-Sutton syndrome,없음,V900,의료비(급여부분),신경과,"[""신경과""]",en_product3_181.xml,분류완료,468678,White-Sutton syndrome
16,확대된 전정수도관 증후군,Enlarged vestibular aqueduct syndrome,없음,V900,의료비(급여부분),미분류,[],,미분류,,
15,활동성 구루병,"Rickets, active",E55.0,V207,의료비(급여부분),미분류,[],,미분류,,
14,활성화된 PI3K 델타 증후군,Activated PI3K Delta Syndrome,없음,V900,의료비(급여부분),류마티스내과/면역내과,"[""류마티스내과/면역내과""]",en_product3_195.xml,분류완료,397596,Activated PI3K-delta syndrome
13,활택뇌증,Lissencephaly,Q04.3,V900,의료비(급여부분),미분류,[],,미분류,,
12,횡격막 탈출,Eventration of diaphragm,Q79.1,V155,의료비(급여부분),미분류,[],,미분류,,
11,횡격막결여,Absence of diaphragm,Q79.1,V155,의료비(급여부분),미분류,[],,미분류,,
10,횡격막의 기타 선천기형,Other congenital malformations of diaphragm,Q79.1,V155,의료비(급여부분),미분류,[],,미분류,,
9,횡격막의 선천기형 NOS,Congenital malformation of diaphragm NOS,Q79.1,V155,의료비(급여부분),미분류,[],,미분류,,
8,효소결핍과 관련된 선천성 부신생식기장애,Congenital adrenogenital disorders associated with enzyme deficiency,E25.0,V115,의료비(급여부분),미분류,[],,미분류,,
7,"후두와, 혈관종, 동맥병변, 심혈관, 눈 증후군[PHACE 증후군]","Posterior fossa, hemangioma, arterial lesion, cardiovascular, eye syndrome[PHACE syndrome]",없음,V900,의료비(급여부분),심장내과/소아심장과,"[""심장내과/소아심장과"", ""안과""]",,미분류,,
6,후천성 수포성 표피박리증,Acquired epidermolysis bullosa,L12.3,V176,의료비(급여부분),피부과,"[""피부과""]",en_product3_187.xml,분류완료,46487,Epidermolysis bullosa acquisita
5,휘파람부는 얼굴,Whistling face,Q87.0,V185,의료비(급여부분),미분류,[],,미분류,,
4,흉선성 림프조직무형성,Thymic alymphoplasia,D82.1,V111,의료비(급여부분),미분류,[],,미분류,,
3,흉터유사천포창,Cicatricial pemphigoid,L12.1,V212,의료비(급여부분),피부과,"[""피부과"", ""안과""]",en_product3_187.xml; en_product3_189.xml,분류완료,46486,Mucous membrane pemphigoid
2,히스티딘대사장애,Disorder of histidine metabolism,E70.8,V117,의료비(급여부분),미분류,[],,미분류,,
1,힘줄의 결여,Absence of tendon,Q79.8,V155,의료비(급여부분),미분류,[],,미분류,,
